transactions_id,customer_id,gender,age,category,quantiy,price_per_unit,cogs,total_sale
180,117,Male,41,Clothing,3,300,129,900
522,52,Male,46,Beauty,3,500,145,1500
559,5,Female,40,Clothing,4,300,84,1200
1180,85,Male,41,Clothing,3,300,129,900
1522,48,Male,46,Beauty,3,500,235,1500
1559,49,Female,40,Clothing,4,300,144,1200
163,144,Female,64,Clothing,3,50,23,150
303,54,Male,19,Electronics,3,30,14.7,90
421,66,Female,37,Clothing,3,500,235,1500
979,6,Female,19,Beauty,1,25,10.5,25
1163,120,Female,64,Clothing,3,50,27,150
1303,58,Male,19,Electronics,3,30,15,90
1421,59,Female,37,Clothing,3,500,185,1500
1979,102,Female,19,Beauty,1,25,7.75,25
610,137,Female,26,Beauty,2,300,93,600
1610,1,Female,26,Beauty,2,300,102,600
32,150,Male,30,Beauty,3,30,8.4,90
231,50,Female,23,Clothing,3,50,26.5,150
683,82,Male,38,Beauty,2,500,175,1000
1032,1,Male,30,Beauty,3,30,10.5,90
1231,12,Female,23,Clothing,3,50,23,150
1683,98,Male,38,Beauty,2,500,220,1000
367,123,Female,57,Electronics,1,50,18,50
391,68,Male,19,Beauty,2,25,6.25,50
432,17,Female,,Electronics,2,500,190,1000
1367,16,Female,,Electronics,1,50,15.5,50
1391,130,Male,,Beauty,2,25,9.25,50
1432,67,Female,,Electronics,2,500,245,1000
150,89,Female,,Electronics,4,30,16.2,120
845,25,Male,,Clothing,1,500,145,500
1150,77,Female,,Electronics,4,30,10.2,120
1845,94,Male,,Clothing,1,500,185,500
797,116,Male,,Clothing,3,25,10.75,75
921,101,Male,,Electronics,3,25,8,75
1797,147,Male,40,Clothing,3,25,12.25,75
1921,77,Male,51,Electronics,3,25,7.5,75
291,15,Male,60,Clothing,2,300,126,600
907,145,Female,45,Electronics,1,25,8.5,25
1291,72,Male,60,Clothing,2,300,153,600
1907,115,Female,45,Electronics,1,25,9,25
860,85,Male,63,Clothing,4,50,16,200
1860,57,Male,63,Clothing,4,50,18,200
184,128,Male,31,Electronics,4,50,17,200
734,77,Female,27,Clothing,1,30,15.6,30
1184,23,Male,31,Electronics,4,50,27.5,200
1734,72,Female,27,Clothing,1,30,14.4,30
225,85,Female,57,Beauty,4,25,12.75,100
679,64,Female,18,Beauty,,,,
746,42,Female,33,Clothing,,,,
1225,137,Female,57,Beauty,,,,
1679,71,Female,18,Beauty,3,30,15.3,90
1746,88,Female,33,Clothing,3,30,10.8,90
3,114,Male,50,Electronics,1,30,8.1,30
464,24,Male,38,Electronics,2,300,75,600
484,135,Female,19,Clothing,4,300,75,1200
591,94,Male,53,Electronics,4,25,6.5,100
1003,80,Male,50,Electronics,1,30,15.9,30
1464,80,Male,38,Electronics,2,300,126,600
1484,22,Female,19,Clothing,4,300,147,1200
1591,62,Male,53,Electronics,4,25,7,100
21,59,Female,50,Beauty,1,500,275,500
708,62,Female,43,Beauty,3,300,87,900
713,39,Male,34,Beauty,3,25,11.25,75
768,58,Female,24,Beauty,3,25,10.5,75
1021,44,Female,50,Beauty,1,500,155,500
1708,41,Female,43,Beauty,3,300,162,900
1713,90,Male,34,Beauty,3,25,10.75,75
1768,85,Female,24,Beauty,3,25,8.75,75
499,15,Male,46,Beauty,2,30,16.5,60
697,152,Male,53,Clothing,1,500,200,500
831,149,Male,27,Electronics,4,25,13.75,100
1499,3,Male,46,Beauty,2,30,11.7,60
1697,54,Male,53,Clothing,1,500,265,500
1831,80,Male,27,Electronics,4,25,6.5,100
15,75,Female,42,Electronics,4,500,210,2000
743,55,Female,34,Beauty,4,500,260,2000
1015,94,Female,42,Electronics,4,500,200,2000
1743,47,Female,34,Beauty,4,500,250,2000
14,8,Male,64,Clothing,4,30,13.2,120
103,33,Female,59,Clothing,1,25,10.75,25
238,20,Female,39,Beauty,1,500,150,500
986,65,Female,49,Clothing,2,500,200,1000
1014,147,Male,64,Clothing,4,30,11.4,120
1103,61,Female,59,Clothing,1,25,6.75,25
1238,129,Female,39,Beauty,1,500,165,500
1986,29,Female,49,Clothing,2,500,145,1000
438,88,Female,42,Clothing,1,30,15.9,30
1438,72,Female,42,Clothing,1,30,13.8,30
475,78,Male,26,Clothing,3,25,9,75
505,86,Male,24,Beauty,1,50,19.5,50
1475,132,Male,26,Clothing,3,25,10.75,75
1505,98,Male,24,Beauty,1,50,14.5,50
344,69,Female,42,Beauty,1,30,7.5,30
448,86,Female,54,Beauty,2,30,16.2,60
742,37,Female,38,Electronics,4,500,195,2000
1344,144,Female,42,Beauty,1,30,11.1,30
1448,51,Female,54,Beauty,2,30,9.3,60
1742,18,Female,38,Electronics,4,500,220,2000
445,132,Female,53,Electronics,1,300,138,300
787,25,Male,41,Electronics,1,25,13.75,25
1445,31,Female,53,Electronics,1,300,129,300
1787,104,Male,41,Electronics,1,25,10,25
49,37,Female,54,Electronics,2,500,255,1000
420,28,Female,22,Clothing,4,500,200,2000
519,52,Female,36,Electronics,4,30,16.5,120
1049,143,Female,54,Electronics,2,500,125,1000
1420,138,Female,22,Clothing,4,500,205,2000
1519,139,Female,36,Electronics,4,30,9.3,120
64,7,Male,49,Clothing,4,25,8.5,100
592,77,Female,46,Beauty,4,500,275,2000
912,122,Male,51,Beauty,3,50,20.5,150
1064,49,Male,49,Clothing,4,25,13.75,100
1592,81,Female,46,Beauty,4,500,155,2000
1912,146,Male,51,Beauty,3,50,22,150
134,132,Male,49,Electronics,1,50,16,50
1134,106,Male,49,Electronics,1,50,24,50
288,27,Male,28,Clothing,4,30,12,120
323,97,Female,29,Beauty,3,300,150,900
618,5,Female,27,Beauty,1,50,26,50
720,116,Female,56,Beauty,3,500,235,1500
1288,26,Male,28,Clothing,4,30,9,120
1323,136,Female,29,Beauty,3,300,114,900
1618,118,Female,27,Beauty,1,50,13.5,50
1720,28,Female,56,Beauty,3,500,190,1500
415,85,Male,53,Clothing,2,30,8.1,60
736,97,Male,29,Clothing,4,25,9.75,100
929,40,Female,23,Beauty,3,25,10.5,75
1415,146,Male,53,Clothing,2,30,15.3,60
1736,87,Male,29,Clothing,4,25,10.25,100
1929,62,Female,23,Beauty,3,25,12.75,75
264,111,Male,47,Clothing,3,300,150,900
913,78,Male,29,Electronics,3,30,16.5,90
940,46,Female,20,Electronics,1,30,9.6,30
1264,82,Male,47,Clothing,3,300,123,900
1913,101,Male,29,Electronics,3,30,14.1,90
1940,56,Female,20,Electronics,1,30,11.1,30
101,24,Male,32,Clothing,2,300,135,600
1101,15,Male,32,Clothing,2,300,132,600
189,143,Male,63,Beauty,1,50,14.5,50
317,117,Male,22,Electronics,3,30,12,90
322,13,Male,51,Electronics,1,500,125,500
329,52,Female,46,Electronics,4,25,8,100
1189,104,Male,63,Beauty,1,50,20.5,50
1317,144,Male,22,Electronics,3,30,12,90
1322,10,Male,51,Electronics,1,500,250,500
1329,119,Female,46,Electronics,4,25,9.25,100
235,132,Female,23,Electronics,2,500,275,1000
300,138,Female,19,Electronics,4,50,26.5,200
964,15,Male,24,Clothing,3,300,156,900
1235,87,Female,23,Electronics,2,500,220,1000
1300,7,Female,19,Electronics,4,50,24,200
1964,115,Male,24,Clothing,3,300,111,900
269,87,Male,25,Clothing,4,500,250,2000
320,57,Female,28,Electronics,4,300,159,1200
673,18,Female,43,Clothing,3,500,270,1500
1269,71,Male,25,Clothing,4,500,145,2000
1320,102,Female,28,Electronics,4,300,84,1200
1673,42,Female,43,Clothing,3,500,185,1500
142,61,Male,35,Electronics,4,300,138,1200
223,61,Female,64,Clothing,1,25,12,25
666,49,Male,51,Electronics,3,50,16,150
1142,2,Male,35,Electronics,4,300,114,1200
1223,106,Female,64,Clothing,1,25,9.75,25
1666,125,Male,51,Electronics,3,50,21,150
107,75,Female,21,Clothing,4,300,78,1200
933,81,Male,22,Beauty,1,30,12.9,30
1107,62,Female,21,Clothing,4,300,102,1200
1933,121,Male,22,Beauty,1,30,14.4,30
237,105,Female,50,Beauty,2,500,165,1000
335,2,Female,47,Beauty,4,30,10.8,120
1237,48,Female,50,Beauty,2,500,215,1000
1335,117,Female,47,Beauty,4,30,8.7,120
63,127,Male,57,Electronics,2,25,6.25,50
195,10,Male,52,Clothing,1,30,9.3,30
333,21,Female,54,Electronics,4,300,99,1200
379,76,Female,47,Clothing,1,25,8.5,25
490,43,Male,34,Clothing,3,50,18.5,150
530,8,Female,18,Electronics,4,30,9,120
740,33,Female,25,Beauty,4,50,13,200
793,1,Male,54,Beauty,1,30,14.7,30
1063,56,Male,57,Electronics,2,25,11,50
1195,55,Male,52,Clothing,1,30,12,30
1333,151,Female,54,Electronics,4,300,165,1200
1379,69,Female,47,Clothing,1,25,7.25,25
1490,155,Male,34,Clothing,3,50,17,150
1530,93,Female,18,Electronics,4,30,12.3,120
1740,66,Female,25,Beauty,4,50,27,200
1793,88,Male,54,Beauty,1,30,10.8,30
85,68,Male,31,Clothing,3,50,19,150
232,150,Female,43,Beauty,1,25,12.75,25
240,95,Female,23,Beauty,1,300,123,300
993,134,Female,48,Electronics,3,50,17,150
1085,76,Male,31,Clothing,3,50,17,150
1232,146,Female,43,Beauty,1,25,6.25,25
1240,144,Female,23,Beauty,1,300,90,300
1993,123,Female,48,Electronics,3,50,26.5,150
366,116,Male,57,Clothing,2,50,17.5,100
372,27,Female,24,Beauty,3,500,140,1500
596,87,Female,64,Electronics,1,300,93,300
936,143,Male,57,Beauty,4,50,19.5,200
1366,25,Male,57,Clothing,2,50,23.5,100
1372,60,Female,24,Beauty,3,500,145,1500
1596,7,Female,64,Electronics,1,300,141,300
1936,60,Male,57,Beauty,4,50,12.5,200
284,129,Male,43,Clothing,4,50,20.5,200
434,50,Female,43,Electronics,2,25,8.25,50
775,98,Female,46,Electronics,4,25,9.5,100
977,46,Female,35,Electronics,3,25,13.75,75
1284,145,Male,43,Clothing,4,50,18,200
1434,147,Female,43,Electronics,2,25,7,50
1775,78,Female,46,Electronics,4,25,13.75,100
1977,63,Female,35,Electronics,3,25,12,75
649,44,Female,58,Clothing,2,300,135,600
1649,72,Female,58,Clothing,2,300,75,600
54,142,Female,38,Electronics,3,500,200,1500
68,146,Male,25,Electronics,1,300,84,300
192,134,Male,62,Beauty,2,50,13,100
1054,49,Female,38,Electronics,3,500,140,1500
1068,136,Male,25,Electronics,1,300,111,300
1192,37,Male,62,Beauty,2,50,20.5,100
331,28,Male,28,Electronics,3,30,10.2,90
346,38,Male,59,Clothing,2,500,215,1000
657,46,Male,40,Clothing,1,25,8,25
732,136,Male,61,Electronics,2,500,250,1000
972,139,Male,49,Beauty,4,25,6.75,100
1331,36,Male,28,Electronics,3,30,13.8,90
1346,112,Male,59,Clothing,2,500,130,1000
1657,61,Male,40,Clothing,1,25,8,25
1732,55,Male,61,Electronics,2,500,215,1000
1972,5,Male,49,Beauty,4,25,9.25,100
714,20,Female,18,Clothing,1,500,190,500
1714,111,Female,18,Clothing,1,500,245,500
193,55,Male,35,Beauty,3,500,180,1500
577,45,Male,21,Beauty,4,500,215,2000
848,15,Female,63,Clothing,3,25,9.75,75
945,120,Male,30,Beauty,1,25,13.25,25
1193,50,Male,35,Beauty,3,500,145,1500
1577,145,Male,21,Beauty,4,500,160,2000
1848,63,Female,63,Clothing,3,25,12.5,75
1945,33,Male,30,Beauty,1,25,10.75,25
11,151,Male,23,Clothing,2,50,23.5,100
821,40,Male,49,Electronics,1,300,129,300
1011,15,Male,23,Clothing,2,50,19,100
1821,42,Male,49,Electronics,1,300,108,300
133,70,Male,20,Electronics,3,300,87,900
1133,58,Male,20,Electronics,3,300,159,900
16,82,Male,19,Clothing,3,500,180,1500
42,63,Male,22,Clothing,3,300,147,900
292,111,Male,20,Beauty,4,300,141,1200
416,55,Male,53,Electronics,4,500,245,2000
584,106,Female,27,Beauty,4,50,16.5,200
861,22,Female,41,Clothing,3,30,9.6,90
1016,52,Male,19,Clothing,3,500,200,1500
1042,7,Male,22,Clothing,3,300,150,900
1292,88,Male,20,Beauty,4,300,90,1200
1416,111,Male,53,Electronics,4,500,125,2000
1584,62,Female,27,Beauty,4,50,16.5,200
1861,145,Female,41,Clothing,3,30,10.2,90
256,3,Male,23,Clothing,2,500,270,1000
1256,29,Male,23,Clothing,2,500,190,1000
44,93,Female,22,Clothing,1,25,11.75,25
257,130,Male,19,Beauty,4,500,165,2000
1044,70,Female,22,Clothing,1,25,7.5,25
1257,29,Male,19,Beauty,4,500,255,2000
268,93,Female,28,Electronics,1,30,8.7,30
287,88,Male,54,Clothing,4,25,10,100
966,119,Male,60,Electronics,2,500,190,1000
1268,15,Female,28,Electronics,1,30,14.1,30
1287,120,Male,54,Clothing,4,25,7,100
1966,74,Male,60,Electronics,2,500,200,1000
70,147,Female,43,Clothing,1,300,84,300
371,32,Female,20,Beauty,1,25,13,25
900,130,Male,21,Clothing,2,30,15.6,60
1070,102,Female,43,Clothing,1,300,120,300
1371,41,Female,20,Beauty,1,25,13.5,25
1900,65,Male,21,Clothing,2,30,10.8,60
8,148,Male,30,Electronics,4,25,11,100
41,88,Male,34,Clothing,2,25,13.25,50
454,13,Female,46,Beauty,1,25,13,25
780,107,Male,52,Electronics,2,25,13.25,50
920,99,Female,28,Beauty,3,25,6.75,75
1008,116,Male,30,Electronics,4,25,13,100
1041,74,Male,34,Clothing,2,25,11,50
1454,22,Female,46,Beauty,1,25,6.75,25
1780,32,Male,52,Electronics,2,25,10.5,50
1920,23,Female,28,Beauty,3,25,9.25,75
396,29,Female,55,Beauty,1,30,10.8,30
1396,9,Female,55,Beauty,1,30,8.4,30
168,138,Male,53,Clothing,1,300,102,300
400,2,Male,53,Clothing,4,50,24,200
611,11,Male,51,Beauty,3,500,180,1500
800,111,Male,32,Clothing,4,300,87,1200
1168,68,Male,53,Clothing,1,300,150,300
1400,115,Male,53,Clothing,4,50,20,200
1611,125,Male,51,Beauty,3,500,180,1500
1800,1,Male,32,Clothing,4,300,111,1200
272,112,Female,61,Electronics,2,50,27.5,100
473,1,Male,64,Beauty,1,50,14.5,50
506,9,Male,34,Beauty,3,500,200,1500
766,128,Male,38,Electronics,3,300,165,900
1272,66,Female,61,Electronics,2,50,17,100
1473,30,Male,64,Beauty,1,50,13,50
1506,52,Male,34,Beauty,3,500,245,1500
1766,6,Male,38,Electronics,3,300,129,900
135,104,Male,20,Clothing,2,25,13,50
1135,124,Male,20,Clothing,2,25,12.5,50
2,104,Female,26,Clothing,2,500,135,1000
158,141,Female,44,Electronics,2,300,132,600
185,57,Male,24,Clothing,1,25,7,25
433,144,Male,29,Beauty,4,50,20,200
1002,69,Female,26,Clothing,2,500,270,1000
1158,77,Female,44,Electronics,2,300,138,600
1185,153,Male,24,Clothing,1,25,10.25,25
1433,113,Male,29,Beauty,4,50,15.5,200
152,120,Male,43,Electronics,4,500,210,2000
753,70,Female,32,Clothing,1,30,15.9,30
763,58,Male,34,Clothing,2,25,11.5,50
932,120,Female,45,Beauty,4,25,7.75,100
1152,87,Male,43,Electronics,4,500,170,2000
1753,28,Female,32,Clothing,1,30,10.5,30
1763,93,Male,34,Clothing,2,25,13.5,50
1932,96,Female,45,Beauty,4,25,6.25,100
399,136,Female,64,Beauty,2,30,12.9,60
500,120,Female,60,Beauty,4,25,11.5,100
514,139,Female,18,Electronics,1,300,96,300
1399,15,Female,64,Beauty,2,30,16.2,60
1500,53,Female,60,Beauty,4,25,8.5,100
1514,59,Female,18,Electronics,1,300,75,300
947,4,Male,50,Beauty,1,300,129,300
1947,134,Male,50,Beauty,1,300,75,300
220,138,Male,64,Beauty,1,500,140,500
339,33,Female,22,Electronics,2,25,10.25,50
785,88,Female,31,Beauty,4,50,13,200
885,121,Female,52,Clothing,4,30,14.4,120
888,63,Female,52,Electronics,4,25,12.75,100
1220,47,Male,64,Beauty,1,500,240,500
1339,132,Female,22,Electronics,2,25,7.5,50
1785,144,Female,31,Beauty,4,50,17,200
1885,148,Female,52,Clothing,4,30,10.8,120
1888,49,Female,52,Electronics,4,25,12.5,100
621,138,Female,40,Beauty,2,500,275,1000
1621,2,Female,40,Beauty,2,500,160,1000
52,55,Female,36,Beauty,1,300,111,300
536,17,Female,55,Beauty,4,30,8.7,120
1052,94,Female,36,Beauty,1,300,120,300
1536,14,Female,55,Beauty,4,30,13.5,120
197,14,Female,42,Clothing,4,50,25.5,200
750,69,Female,35,Clothing,3,25,8.75,75
910,138,Female,20,Beauty,3,50,22.5,150
917,120,Female,57,Electronics,4,50,16.5,200
1197,77,Female,42,Clothing,4,50,19,200
1750,138,Female,35,Clothing,3,25,7.25,75
1910,141,Female,20,Beauty,3,50,18,150
1917,52,Female,57,Electronics,4,50,24,200
198,30,Female,54,Beauty,3,300,114,900
444,51,Female,61,Clothing,3,30,15.9,90
547,3,Male,63,Clothing,4,500,250,2000
705,37,Male,60,Electronics,2,25,6.25,50
1198,147,Female,54,Beauty,3,300,159,900
1444,135,Female,61,Clothing,3,30,14.1,90
1547,142,Male,63,Clothing,4,500,235,2000
1705,94,Male,60,Electronics,2,25,8.75,50
423,41,Female,27,Clothing,1,25,11.75,25
1423,131,Female,27,Clothing,1,25,11,25
248,5,Male,26,Clothing,3,300,126,900
360,26,Male,42,Clothing,4,25,10.5,100
377,141,Female,46,Clothing,4,50,18,200
1248,68,Male,26,Clothing,3,300,111,900
1360,93,Male,42,Clothing,4,25,6.25,100
1377,71,Female,46,Clothing,4,50,14,200
397,59,Female,30,Beauty,1,25,10.5,25
623,39,Male,34,Clothing,3,50,26,150
1397,6,Female,30,Beauty,1,25,11.75,25
1623,76,Male,34,Clothing,3,50,22,150
717,8,Male,57,Clothing,1,500,190,500
1717,21,Male,57,Clothing,1,500,175,500
130,114,Female,57,Clothing,1,500,125,500
658,93,Male,59,Clothing,1,25,6.5,25
1130,28,Female,57,Clothing,1,500,180,500
1658,148,Male,59,Clothing,1,25,12.25,25
7,38,Male,46,Clothing,2,25,13.25,50
119,127,Female,60,Clothing,3,50,27.5,150
278,71,Female,37,Clothing,4,25,13.5,100
1007,15,Male,46,Clothing,2,25,11.5,50
1119,1,Female,60,Clothing,3,50,25.5,150
1278,28,Female,37,Clothing,4,25,6.75,100
117,8,Male,19,Electronics,2,500,230,1000
1117,144,Male,19,Electronics,2,500,210,1000
442,24,Female,60,Clothing,4,25,13.25,100
590,151,Male,36,Clothing,3,300,135,900
607,109,Male,54,Clothing,3,25,13.25,75
1442,96,Female,60,Clothing,4,25,11.25,100
1590,142,Male,36,Clothing,3,300,147,900
1607,53,Male,54,Clothing,3,25,7.75,75
436,21,Female,57,Clothing,4,30,13.5,120
942,35,Male,51,Clothing,3,500,160,1500
1436,1,Female,57,Clothing,4,30,9.9,120
1942,112,Male,51,Clothing,3,500,265,1500
659,75,Female,39,Electronics,1,30,8.1,30
941,39,Female,57,Clothing,2,25,6.5,50
1659,22,Female,39,Electronics,1,30,9,30
1941,48,Female,57,Clothing,2,25,12,50
136,25,Male,44,Electronics,2,300,141,600
175,23,Female,31,Electronics,4,25,12.5,100
663,133,Male,23,Clothing,4,300,87,1200
748,132,Male,25,Clothing,3,50,24,150
806,14,Female,35,Beauty,3,300,165,900
1136,93,Male,44,Electronics,2,300,81,600
1175,103,Female,31,Electronics,4,25,11.5,100
1663,33,Male,23,Clothing,4,300,81,1200
1748,119,Male,25,Clothing,3,50,15.5,150
1806,61,Female,35,Beauty,3,300,102,900
38,147,Male,38,Beauty,4,50,26,200
313,11,Female,55,Beauty,3,500,140,1500
402,63,Female,41,Clothing,2,300,135,600
459,122,Male,28,Clothing,4,300,75,1200
1038,11,Male,38,Beauty,4,50,20.5,200
1313,10,Female,55,Beauty,3,500,170,1500
1402,110,Female,41,Clothing,2,300,156,600
1459,13,Male,28,Clothing,4,300,144,1200
161,104,Male,64,Beauty,2,500,195,1000
328,9,Male,39,Beauty,2,50,27,100
383,64,Female,46,Beauty,3,30,7.8,90
973,51,Male,60,Clothing,1,50,13,50
978,16,Female,53,Clothing,3,50,19,150
1161,30,Male,64,Beauty,2,500,160,1000
1328,60,Male,39,Beauty,2,50,24.5,100
1383,68,Female,46,Beauty,3,30,14.1,90
1973,22,Male,60,Clothing,1,50,21.5,50
1978,41,Female,53,Clothing,3,50,15.5,150
33,33,Female,50,Electronics,2,50,21,100
138,127,Male,49,Clothing,4,50,26.5,200
471,136,Male,32,Clothing,3,50,13,150
636,60,Female,21,Beauty,3,500,230,1500
1033,32,Female,50,Electronics,2,50,19,100
1138,27,Male,49,Clothing,4,50,14.5,200
1471,30,Male,32,Clothing,3,50,13,150
1636,50,Female,21,Beauty,3,500,150,1500
177,30,Male,45,Beauty,2,50,26.5,100
426,137,Male,23,Electronics,3,50,12.5,150
1177,89,Male,45,Beauty,2,50,15,100
1426,114,Male,23,Electronics,3,50,25,150
76,70,Female,22,Electronics,2,50,14.5,100
91,152,Female,55,Electronics,1,500,235,500
461,21,Female,18,Beauty,2,500,265,1000
764,47,Female,40,Clothing,1,25,11.25,25
1076,99,Female,22,Electronics,2,50,15,100
1091,139,Female,55,Electronics,1,500,235,500
1461,63,Female,18,Beauty,2,500,180,1000
1764,13,Female,40,Clothing,1,25,11.75,25
202,61,Female,34,Clothing,4,300,120,1200
301,104,Male,30,Clothing,4,30,9.6,120
703,140,Male,34,Electronics,2,50,18.5,100
1202,89,Female,34,Clothing,4,300,144,1200
1301,70,Male,30,Clothing,4,30,10.5,120
1703,2,Male,34,Electronics,2,50,17,100
294,89,Female,23,Clothing,3,30,15.3,90
760,14,Male,27,Beauty,1,500,125,500
1294,8,Female,23,Clothing,3,30,10.5,90
1760,44,Male,27,Beauty,1,500,230,500
575,14,Male,60,Clothing,2,50,23,100
1575,26,Male,60,Clothing,2,50,22.5,100
88,122,Male,56,Clothing,1,500,185,500
1088,6,Male,56,Clothing,1,500,155,500
975,145,Female,56,Clothing,4,50,19.5,200
1975,63,Female,56,Clothing,4,50,25.5,200
553,106,Male,24,Clothing,4,300,81,1200
1553,42,Male,24,Clothing,4,300,99,1200
462,71,Male,63,Electronics,4,300,132,1200
614,61,Female,39,Beauty,4,300,120,1200
808,30,Male,33,Beauty,4,500,195,2000
1462,124,Male,63,Electronics,4,300,114,1200
1614,135,Female,39,Beauty,4,300,105,1200
1808,109,Male,33,Beauty,4,500,210,2000
166,32,Male,34,Clothing,4,500,225,2000
465,40,Female,43,Electronics,3,50,15.5,150
502,31,Male,43,Electronics,3,50,22.5,150
905,96,Male,58,Beauty,1,300,111,300
1166,65,Male,34,Clothing,4,500,245,2000
1465,131,Female,43,Electronics,3,50,26,150
1502,152,Male,43,Electronics,3,50,18,150
1905,26,Male,58,Beauty,1,300,102,300
280,76,Female,37,Clothing,3,500,240,1500
719,37,Female,42,Clothing,2,30,12,60
834,13,Female,56,Beauty,2,30,14.7,60
1280,116,Female,37,Clothing,3,500,255,1500
1719,4,Female,42,Clothing,2,30,10.8,60
1834,102,Female,56,Beauty,2,30,12.9,60
891,24,Male,41,Electronics,3,300,99,900
928,54,Female,35,Clothing,4,300,90,1200
1891,81,Male,41,Electronics,3,300,105,900
1928,93,Female,35,Clothing,4,300,75,1200
332,138,Male,58,Electronics,4,300,105,1200
1332,146,Male,58,Electronics,4,300,123,1200
255,19,Male,48,Clothing,1,30,14.7,30
275,2,Male,43,Clothing,2,500,260,1000
314,1,Male,52,Clothing,4,30,7.8,120
517,3,Female,47,Clothing,4,25,9.25,100
847,2,Female,18,Electronics,4,300,162,1200
1255,4,Male,48,Clothing,1,30,7.8,30
1275,5,Male,43,Clothing,2,500,250,1000
1314,2,Male,52,Clothing,4,30,16.2,120
1517,2,Female,47,Clothing,4,25,6.75,100
1847,5,Female,18,Electronics,4,300,123,1200
61,4,Male,21,Beauty,4,50,20,200
274,4,Female,23,Clothing,2,500,150,1000
486,4,Female,35,Electronics,1,25,6.5,25
548,4,Female,51,Clothing,2,30,15.6,60
886,4,Male,37,Electronics,3,300,165,900
892,1,Male,20,Electronics,1,50,24,50
1061,3,Male,21,Beauty,4,50,12.5,200
1274,2,Female,23,Clothing,2,500,185,1000
1486,4,Female,35,Electronics,1,25,8.75,25
1548,1,Female,51,Clothing,2,30,12.6,60
1886,1,Male,37,Electronics,3,300,147,900
1892,3,Male,20,Electronics,1,50,23.5,50
601,5,Male,19,Clothing,1,30,13.2,30
901,2,Male,31,Electronics,1,30,12,30
1601,1,Male,19,Clothing,1,30,13.5,30
1901,4,Male,31,Electronics,1,30,8.4,30
527,1,Male,57,Clothing,2,25,11.5,50
1527,1,Male,57,Clothing,2,25,11.75,50
23,4,Female,35,Clothing,4,30,14.7,120
174,2,Female,39,Beauty,1,300,126,300
589,5,Female,36,Beauty,2,500,145,1000
774,2,Female,40,Clothing,2,25,6.5,50
1000,1,Male,47,Electronics,4,30,8.4,120
1023,5,Female,35,Clothing,4,30,8.1,120
1174,2,Female,39,Beauty,1,300,132,300
1589,5,Female,36,Beauty,2,500,145,1000
1774,2,Female,40,Clothing,2,25,8,50
2000,4,Male,47,Electronics,4,30,10.8,120
210,2,Male,37,Electronics,4,50,19,200
478,3,Female,58,Clothing,2,30,8.1,60
745,3,Male,54,Beauty,2,50,17,100
1210,5,Male,37,Electronics,4,50,12.5,200
1478,1,Female,58,Clothing,2,30,13.5,60
1745,4,Male,54,Beauty,2,50,21,100
354,5,Female,49,Beauty,4,50,24.5,200
408,4,Female,64,Beauty,1,500,140,500
1354,5,Female,49,Beauty,4,50,26.5,200
1408,2,Female,64,Beauty,1,500,250,500
674,2,Female,38,Clothing,1,300,84,300
1674,1,Female,38,Clothing,1,300,123,300
967,4,Male,62,Beauty,1,25,13.25,25
1967,4,Male,62,Beauty,1,25,12.25,25
79,1,Male,34,Beauty,1,300,96,300
406,3,Female,22,Beauty,4,25,11,100
450,2,Female,59,Beauty,2,25,11,50
562,3,Male,54,Electronics,2,25,7.25,50
1079,1,Male,34,Beauty,1,300,117,300
1406,2,Female,22,Beauty,4,25,10,100
1450,1,Female,59,Beauty,2,25,10.25,50
1562,5,Male,54,Electronics,2,25,12.75,50
108,5,Female,27,Beauty,3,25,13.5,75
111,5,Female,34,Electronics,3,500,130,1500
207,3,Female,42,Beauty,2,25,10.25,50
724,3,Male,61,Clothing,3,50,20,150
836,2,Female,22,Clothing,1,50,27.5,50
969,2,Female,40,Clothing,3,300,84,900
1108,1,Female,27,Beauty,3,25,10,75
1111,2,Female,34,Electronics,3,500,185,1500
1207,3,Female,42,Beauty,2,25,10,50
1724,4,Male,61,Clothing,3,50,17,150
1836,3,Female,22,Clothing,1,50,23.5,50
1969,4,Female,40,Clothing,3,300,126,900
246,4,Female,48,Electronics,2,25,13.25,50
298,3,Male,27,Beauty,4,300,84,1200
374,4,Female,59,Beauty,3,25,7.75,75
572,5,Male,31,Clothing,4,500,185,2000
665,1,Male,57,Clothing,1,50,19,50
1246,3,Female,48,Electronics,2,25,11.5,50
1298,1,Male,27,Beauty,4,300,120,1200
1374,3,Female,59,Beauty,3,25,8.25,75
1572,1,Male,31,Clothing,4,500,175,2000
1665,4,Male,57,Clothing,1,50,14,50
39,5,Male,23,Clothing,4,30,8.7,120
893,1,Male,49,Electronics,1,50,17,50
1039,1,Male,23,Clothing,4,30,13.8,120
1893,3,Male,49,Electronics,1,50,22.5,50
17,3,Female,27,Clothing,4,25,13,100
316,3,Female,48,Clothing,2,25,13.75,50
755,1,Female,58,Clothing,3,25,6.75,75
1017,2,Female,27,Clothing,4,25,12,100
1316,1,Female,48,Clothing,2,25,11.75,50
1755,2,Female,58,Clothing,3,25,8,75
28,3,Female,43,Beauty,1,500,150,500
98,1,Female,55,Beauty,2,50,19.5,100
129,1,Female,21,Beauty,2,300,75,600
230,5,Male,54,Beauty,1,25,12.5,25
613,2,Female,52,Clothing,3,30,11.4,90
691,5,Female,51,Clothing,3,30,14.7,90
693,1,Male,41,Beauty,3,500,270,1500
1028,1,Female,43,Beauty,1,500,250,500
1098,3,Female,55,Beauty,2,50,19.5,100
1129,1,Female,21,Beauty,2,300,156,600
1230,1,Male,54,Beauty,1,25,13.25,25
1613,4,Female,52,Clothing,3,30,9.9,90
1691,1,Female,51,Clothing,3,30,13.5,90
1693,1,Male,41,Beauty,3,500,130,1500
477,3,Male,43,Clothing,4,30,16.2,120
863,4,Female,30,Electronics,2,25,11.25,50
1477,3,Male,43,Clothing,4,30,15.6,120
1863,4,Female,30,Electronics,2,25,10,50
6,2,Female,45,Beauty,1,30,15,30
483,2,Male,55,Clothing,1,30,8.4,30
738,5,Male,41,Clothing,2,50,26,100
1006,2,Female,45,Beauty,1,30,14.1,30
1483,1,Male,55,Clothing,1,30,8.7,30
1738,1,Male,41,Clothing,2,50,16,100
222,4,Male,51,Clothing,4,30,10.5,120
588,5,Male,38,Electronics,2,30,13.8,60
953,1,Male,45,Beauty,3,30,12.6,90
1222,3,Male,51,Clothing,4,30,11.1,120
1588,4,Male,38,Electronics,2,30,13.2,60
1953,3,Male,45,Beauty,3,30,10.2,90
66,3,Female,45,Electronics,1,30,9,30
482,3,Female,28,Clothing,4,300,141,1200
903,3,Female,51,Beauty,4,50,14,200
1066,4,Female,45,Electronics,1,30,8.4,30
1482,1,Female,28,Clothing,4,300,114,1200
1903,5,Female,51,Beauty,4,50,19,200
102,5,Female,47,Beauty,2,25,7.25,50
228,4,Female,59,Electronics,2,30,10.8,60
236,5,Female,54,Clothing,1,25,6.5,25
1102,5,Female,47,Beauty,2,25,6.5,50
1228,5,Female,59,Electronics,2,30,11.4,60
1236,4,Female,54,Clothing,1,25,8.75,25
660,2,Female,38,Beauty,2,500,270,1000
884,1,Female,26,Clothing,2,30,7.5,60
987,1,Female,30,Clothing,3,300,165,900
1660,2,Female,38,Beauty,2,500,160,1000
1884,2,Female,26,Clothing,2,30,11.4,60
1987,2,Female,30,Clothing,3,300,129,900
18,5,Female,47,Electronics,2,25,12.5,50
69,1,Female,56,Beauty,3,25,8.5,75
995,4,Female,41,Clothing,1,30,9.9,30
1018,4,Female,47,Electronics,2,25,13,50
1069,2,Female,56,Beauty,3,25,6.75,75
1995,5,Female,41,Clothing,1,30,14.7,30
337,1,Male,38,Clothing,1,500,275,500
585,3,Female,24,Clothing,1,25,13.75,25
652,4,Female,34,Beauty,2,50,20.5,100
1337,2,Male,38,Clothing,1,500,225,500
1585,2,Female,24,Clothing,1,25,7.25,25
1652,2,Female,34,Beauty,2,50,20.5,100
242,1,Male,21,Clothing,1,25,8,25
293,4,Male,50,Electronics,3,30,9.6,90
460,2,Male,40,Beauty,1,50,19,50
1242,5,Male,21,Clothing,1,25,11.25,25
1293,3,Male,50,Electronics,3,30,14.1,90
1460,4,Male,40,Beauty,1,50,22,50
188,3,Male,40,Clothing,3,25,8.5,75
357,4,Female,40,Electronics,3,25,7.5,75
646,3,Male,38,Clothing,3,30,13.5,90
749,2,Male,42,Beauty,1,30,8.4,30
974,3,Male,47,Beauty,1,30,11.7,30
1188,2,Male,40,Clothing,3,25,10.75,75
1357,3,Female,40,Electronics,3,25,11.5,75
1646,1,Male,38,Clothing,3,30,15.6,90
1749,2,Male,42,Beauty,1,30,9,30
1974,3,Male,47,Beauty,1,30,12.9,30
190,2,Female,60,Beauty,3,30,10.5,90
849,5,Male,32,Clothing,2,25,12.5,50
853,3,Male,21,Beauty,2,500,155,1000
1190,4,Female,60,Beauty,3,30,10.8,90
1849,1,Male,32,Clothing,2,25,12,50
1853,2,Male,21,Beauty,2,500,190,1000
252,1,Male,54,Electronics,1,300,84,300
606,2,Male,22,Electronics,1,50,19.5,50
779,3,Female,56,Electronics,2,500,155,1000
824,3,Male,63,Clothing,4,30,9.3,120
866,4,Male,24,Electronics,1,50,22.5,50
1252,5,Male,54,Electronics,1,300,117,300
1606,2,Male,22,Electronics,1,50,26.5,50
1779,3,Female,56,Electronics,2,500,190,1000
1824,4,Male,63,Clothing,4,30,12.6,120
1866,5,Male,24,Electronics,1,50,20,50
5,3,Male,30,Beauty,2,50,24,100
90,3,Female,51,Electronics,1,30,13.5,30
380,2,Male,56,Electronics,2,300,102,600
593,2,Male,35,Electronics,2,30,13.2,60
820,1,Male,49,Electronics,4,50,24,200
1005,2,Male,30,Beauty,2,50,17.5,100
1090,4,Female,51,Electronics,1,30,7.5,30
1380,3,Male,56,Electronics,2,300,159,600
1593,5,Male,35,Electronics,2,30,14.4,60
1820,1,Male,49,Electronics,4,50,22,200
120,4,Male,60,Beauty,1,50,12.5,50
221,3,Male,39,Beauty,2,300,111,600
341,5,Male,31,Clothing,4,50,18.5,200
640,3,Female,51,Electronics,4,30,12.6,120
744,1,Male,40,Electronics,1,25,6.5,25
1120,4,Male,60,Beauty,1,50,26.5,50
1221,5,Male,39,Beauty,2,300,114,600
1341,1,Male,31,Clothing,4,50,21,200
1640,5,Female,51,Electronics,4,30,14.1,120
1744,4,Male,40,Electronics,1,25,8.75,25
273,1,Female,22,Beauty,1,50,14.5,50
283,3,Female,18,Electronics,1,500,165,500
452,4,Female,48,Clothing,3,500,240,1500
469,4,Male,18,Beauty,3,25,8.75,75
620,4,Male,63,Electronics,3,25,7,75
946,2,Male,62,Electronics,4,500,235,2000
1273,1,Female,22,Beauty,1,50,25.5,50
1283,1,Female,18,Electronics,1,500,130,500
1452,3,Female,48,Clothing,3,500,185,1500
1469,3,Male,18,Beauty,3,25,12.5,75
1620,5,Male,63,Electronics,3,25,7.75,75
1946,5,Male,62,Electronics,4,500,165,2000
148,5,Male,18,Clothing,2,30,9.9,60
414,1,Male,48,Beauty,4,25,9.75,100
883,5,Male,40,Electronics,1,500,245,500
1148,2,Male,18,Clothing,2,30,10.8,60
1414,4,Male,48,Beauty,4,25,11.25,100
1883,3,Male,40,Electronics,1,500,200,500
731,1,Male,54,Clothing,4,500,165,2000
930,1,Male,54,Clothing,4,50,26,200
1731,3,Male,54,Clothing,4,500,195,2000
1930,5,Male,54,Clothing,4,50,13,200
518,2,Female,40,Clothing,1,30,16.2,30
1518,3,Female,40,Clothing,1,30,12.6,30
758,1,Male,64,Clothing,4,25,6.75,100
1758,3,Male,64,Clothing,4,25,7.5,100
639,4,Female,62,Beauty,4,50,26.5,200
838,1,Male,47,Electronics,2,300,153,600
1639,5,Female,62,Beauty,4,50,24,200
1838,4,Male,47,Electronics,2,300,102,600
353,5,Male,31,Electronics,1,500,270,500
501,2,Male,39,Electronics,2,30,9,60
721,5,Female,52,Clothing,1,500,145,500
1353,3,Male,31,Electronics,1,500,235,500
1501,1,Male,39,Electronics,2,30,13.5,60
1721,3,Female,52,Clothing,1,500,215,500
123,3,Female,40,Electronics,2,30,11.7,60
164,3,Female,47,Beauty,3,500,185,1500
425,2,Female,55,Electronics,4,30,15.6,120
1123,1,Female,40,Electronics,2,30,10.8,60
1164,1,Female,47,Beauty,3,500,245,1500
1425,1,Female,55,Electronics,4,30,10.2,120
48,2,Male,54,Electronics,3,300,123,900
118,3,Female,30,Electronics,4,500,270,2000
203,4,Male,56,Clothing,2,500,175,1000
305,4,Female,18,Beauty,1,30,14.4,30
358,4,Female,32,Beauty,1,300,132,300
376,4,Female,64,Beauty,1,30,12,30
398,5,Female,48,Clothing,2,300,114,600
411,3,Male,62,Electronics,4,50,24.5,200
504,4,Female,38,Beauty,3,50,22,150
970,2,Male,59,Electronics,4,500,220,2000
996,2,Male,62,Clothing,1,50,13.5,50
1048,3,Male,54,Electronics,3,300,93,900
1118,1,Female,30,Electronics,4,500,170,2000
1203,2,Male,56,Clothing,2,500,145,1000
1305,5,Female,18,Beauty,1,30,7.8,30
1358,5,Female,32,Beauty,1,300,156,300
1376,3,Female,64,Beauty,1,30,9.9,30
1398,1,Female,48,Clothing,2,300,120,600
1411,1,Male,62,Electronics,4,50,26,200
1504,4,Female,38,Beauty,3,50,25.5,150
1970,5,Male,59,Electronics,4,500,230,2000
1996,2,Male,62,Clothing,1,50,25,50
81,4,Male,40,Electronics,1,50,14.5,50
155,3,Male,31,Electronics,4,500,150,2000
470,4,Female,57,Clothing,2,500,165,1000
1081,5,Male,40,Electronics,1,50,17,50
1155,3,Male,31,Electronics,4,500,255,2000
1470,1,Female,57,Clothing,2,500,165,1000
106,1,Female,46,Clothing,1,50,15,50
818,4,Male,30,Electronics,1,500,265,500
1106,3,Female,46,Clothing,1,50,14,50
1818,4,Male,30,Electronics,1,500,150,500
94,5,Female,47,Beauty,2,500,250,1000
811,2,Male,61,Beauty,2,25,6.75,50
881,4,Male,22,Electronics,1,300,99,300
1094,1,Female,47,Beauty,2,500,210,1000
1811,5,Male,61,Beauty,2,25,8.5,50
1881,5,Male,22,Electronics,1,300,147,300
403,5,Male,32,Clothing,2,300,78,600
653,3,Male,54,Clothing,3,25,9.25,75
694,3,Female,39,Electronics,2,25,10,50
1403,4,Male,32,Clothing,2,300,162,600
1653,2,Male,54,Clothing,3,25,12.75,75
1694,4,Female,39,Electronics,2,25,9.75,50
4,3,Male,37,Clothing,1,500,200,500
647,5,Male,59,Clothing,3,500,190,1500
911,3,Male,42,Electronics,3,300,84,900
1004,2,Male,37,Clothing,1,500,230,500
1647,5,Male,59,Clothing,3,500,240,1500
1911,4,Male,42,Electronics,3,300,75,900
419,5,Female,44,Clothing,3,30,11.7,90
642,1,Female,54,Clothing,4,25,12,100
843,3,Male,21,Beauty,3,500,180,1500
895,3,Female,55,Clothing,4,30,14.4,120
1419,3,Female,44,Clothing,3,30,9.3,90
1642,4,Female,54,Clothing,4,25,11.5,100
1843,1,Male,21,Beauty,3,500,240,1500
1895,4,Female,55,Clothing,4,30,15.3,120
31,3,Male,44,Electronics,4,300,129,1200
37,2,Female,18,Beauty,3,25,8.75,75
72,5,Female,20,Electronics,4,500,195,2000
243,5,Female,47,Electronics,3,300,156,900
281,4,Female,29,Beauty,4,500,275,2000
489,1,Male,44,Electronics,1,30,14.4,30
491,4,Female,60,Electronics,3,300,78,900
729,3,Male,29,Clothing,4,300,84,1200
822,3,Female,52,Beauty,3,50,13.5,150
1031,3,Male,44,Electronics,4,300,126,1200
1037,2,Female,18,Beauty,3,25,11.5,75
1072,4,Female,20,Electronics,4,500,180,2000
1243,4,Female,47,Electronics,3,300,138,900
1281,4,Female,29,Beauty,4,500,165,2000
1489,2,Male,44,Electronics,1,30,10.5,30
1491,107,Female,60,Electronics,3,300,129,900
1729,82,Male,29,Clothing,4,300,81,1200
1822,15,Female,52,Beauty,3,50,21,150
840,60,Male,62,Clothing,2,25,11.75,50
1840,138,Male,62,Clothing,2,25,11,50
404,59,Male,46,Electronics,2,500,160,1000
899,147,Male,26,Clothing,2,300,153,600
990,68,Female,58,Beauty,2,500,235,1000
1404,155,Male,46,Electronics,2,500,185,1000
1899,51,Male,26,Clothing,2,300,99,600
1990,48,Female,58,Beauty,2,500,155,1000
382,29,Female,53,Clothing,2,500,245,1000
578,68,Female,54,Clothing,4,30,9.3,120
923,62,Male,32,Beauty,3,300,165,900
1382,139,Female,53,Clothing,2,500,185,1000
1578,66,Female,54,Clothing,4,30,12,120
1923,74,Male,32,Beauty,3,300,159,900
307,32,Female,26,Electronics,2,25,8.5,50
561,34,Female,64,Clothing,4,500,250,2000
651,30,Male,51,Clothing,3,50,26,150
1307,68,Female,26,Electronics,2,25,11.75,50
1561,16,Female,64,Clothing,4,500,170,2000
1651,155,Male,51,Clothing,3,50,23.5,150
988,85,Female,63,Clothing,3,25,8,75
1988,144,Female,63,Clothing,3,25,7.25,75
67,119,Female,48,Beauty,4,300,129,1200
1067,105,Female,48,Beauty,4,300,129,1200
915,95,Female,26,Beauty,3,30,12.9,90
985,113,Female,19,Electronics,2,25,9,50
1915,53,Female,26,Beauty,3,30,9.3,90
1985,113,Female,19,Electronics,2,25,9.75,50
56,97,Female,26,Clothing,3,300,120,900
159,42,Male,26,Clothing,4,50,23.5,200
862,29,Male,28,Electronics,4,300,78,1200
1056,54,Female,26,Clothing,3,300,114,900
1159,41,Male,26,Clothing,4,50,18,200
1862,64,Male,28,Electronics,4,300,165,1200
315,122,Male,47,Clothing,2,30,15,60
545,61,Male,27,Clothing,2,25,8.25,50
902,108,Female,54,Beauty,1,50,21.5,50
1315,14,Male,47,Clothing,2,30,12.9,60
1545,16,Male,27,Clothing,2,25,8.25,50
1902,97,Female,54,Beauty,1,50,14,50
170,125,Female,25,Clothing,2,25,12.5,50
685,90,Male,57,Electronics,2,25,7.75,50
958,116,Male,62,Electronics,2,25,11,50
1170,96,Female,25,Clothing,2,25,8,50
1685,76,Male,57,Electronics,2,25,8.75,50
1958,125,Male,62,Electronics,2,25,11.75,50
363,92,Male,64,Beauty,1,25,13.5,25
394,105,Female,27,Clothing,1,500,165,500
537,98,Female,21,Beauty,1,500,275,500
1363,33,Male,64,Beauty,1,25,7.75,25
1394,14,Female,27,Clothing,1,500,250,500
1537,116,Female,21,Beauty,1,500,140,500
387,118,Male,44,Beauty,1,30,9,30
556,42,Female,18,Electronics,1,50,12.5,50
782,71,Male,59,Clothing,3,300,150,900
906,6,Female,20,Clothing,1,50,17,50
1387,37,Male,44,Beauty,1,30,15.6,30
1556,35,Female,18,Electronics,1,50,22.5,50
1782,116,Male,59,Clothing,3,300,141,900
1906,58,Female,20,Clothing,1,50,26.5,50
560,7,Female,25,Electronics,1,50,19,50
944,136,Male,44,Clothing,2,25,12,50
1560,91,Female,25,Electronics,1,50,18.5,50
1944,63,Male,44,Clothing,2,25,6.5,50
481,48,Female,43,Electronics,4,300,114,1200
867,152,Male,21,Electronics,1,500,185,500
882,144,Female,64,Electronics,2,25,13.25,50
961,86,Male,53,Beauty,4,50,23,200
1481,20,Female,43,Electronics,4,300,114,1200
1867,144,Male,21,Electronics,1,500,190,500
1882,15,Female,64,Electronics,2,25,9,50
1961,95,Male,53,Beauty,4,50,20.5,200
187,88,Female,64,Clothing,2,50,21,100
446,104,Male,21,Electronics,1,50,13,50
1187,52,Female,64,Clothing,2,50,12.5,100
1446,155,Male,21,Electronics,1,50,23.5,50
539,135,Male,25,Beauty,1,500,205,500
587,91,Female,40,Beauty,4,300,99,1200
1539,96,Male,25,Beauty,1,500,170,500
1587,140,Female,40,Beauty,4,300,105,1200
212,105,Male,21,Clothing,3,500,215,1500
765,77,Male,43,Clothing,4,50,12.5,200
769,18,Female,31,Electronics,4,30,10.2,120
1212,142,Male,21,Clothing,3,500,265,1500
1765,13,Male,43,Clothing,4,50,16,200
1769,116,Female,31,Electronics,4,30,9.3,120
321,30,Female,26,Electronics,2,25,9.5,50
356,71,Male,50,Electronics,3,500,255,1500
510,14,Female,39,Beauty,4,50,13,200
534,112,Male,45,Clothing,2,500,140,1000
1321,155,Female,26,Electronics,2,25,10.5,50
1356,11,Male,50,Electronics,3,500,245,1500
1510,124,Female,39,Beauty,4,50,19,200
1534,72,Male,45,Clothing,2,500,270,1000
104,129,Female,34,Beauty,2,500,190,1000
110,149,Male,27,Clothing,3,300,99,900
352,54,Male,57,Electronics,2,500,175,1000
365,151,Male,31,Clothing,1,300,93,300
887,44,Male,59,Clothing,4,25,10,100
1104,70,Female,34,Beauty,2,500,150,1000
1110,62,Male,27,Clothing,3,300,114,900
1352,14,Male,57,Electronics,2,500,260,1000
1365,18,Male,31,Clothing,1,300,156,300
1887,113,Male,59,Clothing,4,25,10,100
629,39,Male,62,Electronics,2,25,8,50
1629,144,Male,62,Electronics,2,25,10.75,50
655,19,Female,55,Clothing,1,500,210,500
1655,8,Female,55,Clothing,1,500,125,500
567,5,Female,25,Clothing,3,300,144,900
1567,76,Female,25,Clothing,3,300,162,900
182,27,Male,62,Beauty,4,30,10.2,120
819,111,Female,35,Beauty,2,50,26,100
1182,14,Male,62,Beauty,4,30,12.9,120
1819,83,Female,35,Beauty,2,50,13.5,100
100,21,Male,41,Electronics,1,30,9.3,30
833,85,Male,42,Beauty,4,50,24.5,200
1100,136,Male,41,Electronics,1,30,13.2,30
1833,56,Male,42,Beauty,4,50,18,200
542,50,Female,20,Beauty,1,50,24,50
723,120,Female,54,Beauty,4,50,20.5,200
726,72,Male,47,Clothing,4,300,126,1200
1542,147,Female,20,Beauty,1,50,14.5,50
1723,40,Female,54,Beauty,4,50,18,200
1726,13,Male,47,Clothing,4,300,93,1200
488,26,Female,51,Electronics,3,300,123,900
1488,9,Female,51,Electronics,3,300,126,900
239,1,Male,38,Electronics,3,500,165,1500
498,41,Female,50,Clothing,4,25,8.25,100
532,92,Female,64,Clothing,4,30,12.9,120
669,110,Male,24,Beauty,4,300,87,1200
877,134,Female,58,Clothing,1,25,6.75,25
1239,134,Male,38,Electronics,3,500,255,1500
1498,51,Female,50,Clothing,4,25,12.5,100
1532,51,Female,64,Clothing,4,30,15.6,120
1669,83,Male,24,Beauty,4,300,123,1200
1877,72,Female,58,Clothing,1,25,10.5,25
422,67,Female,28,Clothing,3,30,13.2,90
466,66,Male,63,Electronics,4,25,13.75,100
1422,35,Female,28,Clothing,3,30,13.5,90
1466,64,Male,63,Electronics,4,25,10.75,100
583,131,Female,24,Electronics,4,25,7.75,100
654,92,Male,42,Clothing,3,25,9.25,75
1583,102,Female,24,Electronics,4,25,13,100
1654,111,Male,42,Clothing,3,25,6.25,75
40,78,Male,45,Beauty,1,50,24.5,50
699,129,Female,37,Clothing,4,30,16.2,120
727,32,Male,55,Beauty,3,300,105,900
830,77,Female,64,Clothing,3,50,18.5,150
1040,112,Male,45,Beauty,1,50,21,50
1699,23,Female,37,Clothing,4,30,12.9,120
1727,72,Male,55,Beauty,3,300,75,900
1830,87,Female,64,Clothing,3,50,21,150
224,99,Female,25,Clothing,1,50,24,50
271,44,Female,62,Beauty,4,30,9.3,120
1224,103,Female,25,Clothing,1,50,20,50
1271,27,Female,62,Beauty,4,30,9,120
36,40,Male,52,Beauty,3,300,144,900
157,98,Male,62,Electronics,4,500,170,2000
796,38,Male,43,Beauty,4,30,7.8,120
839,130,Female,20,Electronics,4,300,96,1200
927,83,Male,43,Electronics,4,500,250,2000
1036,121,Male,52,Beauty,3,300,117,900
1157,81,Male,62,Electronics,4,500,270,2000
1796,69,Male,43,Beauty,4,30,11.1,120
1839,92,Female,20,Electronics,4,300,156,1200
1927,46,Male,43,Electronics,4,500,180,2000
407,117,Female,46,Electronics,3,300,138,900
1407,54,Female,46,Electronics,3,300,120,900
46,54,Female,20,Electronics,4,300,84,1200
509,70,Female,37,Electronics,3,300,141,900
874,90,Male,60,Beauty,1,30,12.6,30
1046,5,Female,20,Electronics,4,300,156,1200
1509,67,Female,37,Electronics,3,300,129,900
1874,126,Male,60,Beauty,1,30,12.6,30
788,90,Female,52,Beauty,3,300,105,900
1788,98,Female,52,Beauty,3,300,150,900
378,81,Male,50,Beauty,1,300,165,300
1378,27,Male,50,Beauty,1,300,132,300
480,126,Female,42,Beauty,4,500,225,2000
492,4,Male,61,Beauty,4,25,6.5,100
737,26,Female,33,Clothing,1,50,14,50
1480,3,Female,42,Beauty,4,500,165,2000
1492,146,Male,61,Beauty,4,25,10,100
1737,40,Female,33,Clothing,1,50,14,50
684,54,Female,28,Clothing,2,500,225,1000
878,31,Female,20,Clothing,1,30,11.7,30
1684,43,Female,28,Clothing,2,500,200,1000
1878,97,Female,20,Clothing,1,30,7.5,30
78,68,Female,47,Clothing,3,500,265,1500
260,107,Male,28,Beauty,2,30,10.5,60
455,134,Male,31,Electronics,4,25,13.25,100
837,53,Male,18,Beauty,3,30,7.5,90
1078,16,Female,47,Clothing,3,500,125,1500
1260,117,Male,28,Beauty,2,30,13.5,60
1455,32,Male,31,Electronics,4,25,13.75,100
1837,32,Male,18,Beauty,3,30,8.1,90
45,121,Female,55,Electronics,1,30,10.5,30
449,58,Male,25,Electronics,4,50,26.5,200
1045,110,Female,55,Electronics,1,30,9.9,30
1449,12,Male,25,Electronics,4,50,23.5,200
904,43,Male,28,Clothing,1,500,160,500
1904,117,Male,28,Clothing,1,500,220,500
59,61,Male,62,Clothing,1,50,27,50
128,77,Male,25,Beauty,1,500,180,500
186,92,Male,20,Clothing,4,50,23.5,200
802,57,Female,46,Beauty,1,30,9.9,30
1059,89,Male,62,Clothing,1,50,12.5,50
1128,60,Male,25,Beauty,1,500,135,500
1186,5,Male,20,Clothing,4,50,18.5,200
1802,33,Female,46,Beauty,1,30,9.6,30
75,110,Male,61,Beauty,4,50,13.5,200
447,37,Male,22,Beauty,4,500,245,2000
528,102,Female,36,Clothing,2,30,9.6,60
1075,92,Male,61,Beauty,4,50,21.5,200
1447,137,Male,22,Beauty,4,500,155,2000
1528,126,Female,36,Clothing,2,30,12.3,60
759,75,Male,49,Electronics,2,50,21.5,100
870,16,Female,46,Electronics,4,30,11.1,120
1759,102,Male,49,Electronics,2,50,23,100
1870,119,Female,46,Electronics,4,30,10.5,120
77,44,Female,47,Clothing,2,50,24,100
381,63,Female,44,Clothing,4,25,12.25,100
439,42,Male,50,Clothing,3,25,11.75,75
792,4,Female,20,Beauty,1,50,26.5,50
1077,141,Female,47,Clothing,2,50,15,100
1381,48,Female,44,Clothing,4,25,7.75,100
1439,76,Male,50,Clothing,3,25,7.25,75
1792,88,Female,20,Beauty,1,50,26.5,50
176,53,Female,43,Beauty,2,50,25.5,100
216,141,Male,62,Electronics,2,50,26.5,100
1176,34,Female,43,Beauty,2,50,21,100
1216,23,Male,62,Electronics,2,50,13,100
772,25,Male,26,Electronics,1,30,16.2,30
1772,59,Male,26,Electronics,1,30,13.2,30
53,32,Male,34,Electronics,2,50,22,100
1053,40,Male,34,Electronics,2,50,20.5,100
43,118,Female,48,Clothing,1,300,111,300
71,32,Female,51,Beauty,4,25,11.5,100
93,148,Female,35,Beauty,4,500,140,2000
302,26,Male,57,Beauty,2,300,135,600
551,99,Male,45,Electronics,3,300,141,900
681,24,Female,43,Electronics,2,30,8.4,60
722,25,Male,20,Beauty,3,300,162,900
728,78,Male,51,Electronics,3,50,18,150
829,52,Male,61,Beauty,3,30,9.6,90
955,16,Male,58,Clothing,1,25,12.5,25
1043,20,Female,48,Clothing,1,300,87,300
1071,155,Female,51,Beauty,4,25,6.75,100
1093,87,Female,35,Beauty,4,500,270,2000
1302,20,Male,57,Beauty,2,300,102,600
1551,84,Male,45,Electronics,3,300,81,900
1681,53,Female,43,Electronics,2,30,11.1,60
1722,22,Male,20,Beauty,3,300,159,900
1728,77,Male,51,Electronics,3,50,25,150
1829,58,Male,61,Beauty,3,30,12,90
1955,134,Male,58,Clothing,1,25,6.5,25
144,119,Female,59,Beauty,3,500,255,1500
474,145,Female,26,Clothing,3,500,210,1500
1144,148,Female,59,Beauty,3,500,125,1500
1474,84,Female,26,Clothing,3,500,255,1500
603,95,Female,40,Clothing,3,30,14.1,90
661,10,Female,44,Clothing,4,25,7,100
1603,132,Female,40,Clothing,3,30,13.2,90
1661,20,Female,44,Clothing,4,25,6.25,100
143,118,Female,45,Clothing,1,50,27.5,50
515,71,Female,49,Clothing,3,300,75,900
1143,23,Female,45,Clothing,1,50,15,50
1515,107,Female,49,Clothing,3,300,135,900
304,59,Female,37,Electronics,2,30,15.6,60
676,80,Male,63,Electronics,3,500,205,1500
686,68,Female,28,Electronics,4,50,23.5,200
698,116,Female,64,Electronics,1,300,123,300
1304,4,Female,37,Electronics,2,30,9.3,60
1676,91,Male,63,Electronics,3,500,210,1500
1686,151,Female,28,Electronics,4,50,26,200
1698,146,Female,64,Electronics,1,300,105,300
709,61,Female,19,Electronics,2,500,140,1000
1709,97,Female,19,Electronics,2,500,185,1000
114,92,Female,22,Beauty,4,25,9.25,100
359,122,Male,50,Clothing,1,50,22.5,50
1114,100,Female,22,Beauty,4,25,12,100
1359,55,Male,50,Clothing,1,50,19,50
773,3,Male,25,Electronics,4,500,175,2000
1773,80,Male,25,Electronics,4,500,165,2000
127,40,Female,33,Clothing,2,25,7.5,50
213,113,Male,27,Beauty,3,500,275,1500
487,36,Male,44,Clothing,4,500,235,2000
495,131,Male,24,Beauty,2,30,11.7,60
605,76,Male,37,Electronics,2,500,180,1000
1127,87,Female,33,Clothing,2,25,13,50
1213,41,Male,27,Beauty,3,500,185,1500
1487,131,Male,44,Clothing,4,500,140,2000
1495,113,Male,24,Beauty,2,30,16.2,60
1605,2,Male,37,Electronics,2,500,165,1000
105,82,Female,22,Electronics,1,500,230,500
299,76,Male,61,Electronics,2,500,230,1000
934,111,Male,30,Beauty,1,500,240,500
1105,19,Female,22,Electronics,1,500,270,500
1299,11,Male,61,Electronics,2,500,250,1000
1934,69,Male,30,Beauty,1,500,150,500
270,84,Male,43,Electronics,1,300,117,300
338,44,Male,54,Beauty,2,50,20,100
543,121,Male,49,Beauty,2,300,75,600
1270,84,Male,43,Electronics,1,300,108,300
1338,31,Male,54,Beauty,2,50,19,100
1543,73,Male,49,Beauty,2,300,123,600
557,155,Female,20,Beauty,3,30,12.9,90
702,66,Female,60,Clothing,2,300,78,600
864,139,Female,51,Electronics,1,500,215,500
1557,14,Female,20,Beauty,3,30,10.2,90
1702,102,Female,60,Clothing,2,300,87,600
1864,112,Female,51,Electronics,1,500,190,500
254,104,Male,41,Electronics,1,500,165,500
295,80,Female,27,Beauty,3,300,105,900
457,38,Female,58,Beauty,3,300,147,900
668,135,Female,62,Electronics,3,50,24.5,150
850,58,Female,26,Beauty,2,500,235,1000
1254,86,Male,41,Electronics,1,500,180,500
1295,86,Female,27,Beauty,3,300,81,900
1457,140,Female,58,Beauty,3,300,108,900
1668,132,Female,62,Electronics,3,50,14,150
1850,154,Female,26,Beauty,2,500,240,1000
541,39,Male,56,Beauty,1,500,215,500
980,147,Female,31,Electronics,3,25,12.5,75
1541,57,Male,56,Beauty,1,500,195,500
1980,112,Female,31,Electronics,3,25,6.5,75
262,30,Female,32,Beauty,4,30,12.6,120
467,151,Female,53,Electronics,3,50,14.5,150
1262,127,Female,32,Beauty,4,30,8.4,120
1467,89,Female,53,Electronics,3,50,14,150
463,55,Female,54,Beauty,3,500,175,1500
1463,98,Female,54,Beauty,3,500,170,1500
598,7,Male,37,Beauty,4,30,11.1,120
667,22,Female,29,Electronics,1,500,190,500
672,1,Female,34,Beauty,2,50,27.5,100
1598,126,Male,37,Beauty,4,30,9.9,120
1667,40,Female,29,Electronics,1,500,125,500
1672,87,Female,34,Beauty,2,50,15.5,100
949,21,Female,41,Electronics,2,25,9,50
1949,105,Female,41,Electronics,2,25,12.5,50
27,39,Female,38,Beauty,2,25,8.25,50
347,26,Male,42,Electronics,1,25,7,25
687,86,Female,53,Electronics,1,300,150,300
1027,131,Female,38,Beauty,2,25,7.5,50
1347,7,Male,42,Electronics,1,25,13,25
1687,102,Female,53,Electronics,1,300,81,300
549,114,Female,50,Beauty,2,50,12.5,100
675,26,Female,45,Clothing,2,30,15.9,60
730,131,Female,36,Clothing,2,25,13.25,50
798,73,Male,61,Clothing,1,50,15,50
1549,109,Female,50,Beauty,2,50,14.5,100
1675,152,Female,45,Clothing,2,30,16.2,60
1730,116,Female,36,Clothing,2,25,10.75,50
1798,96,Male,61,Clothing,1,50,20,50
13,106,Male,22,Electronics,3,500,245,1500
35,122,Female,58,Beauty,3,300,126,900
140,61,Male,38,Electronics,1,30,14.4,30
206,31,Male,61,Clothing,1,25,11.75,25
261,16,Male,21,Clothing,2,25,8.25,50
279,38,Male,50,Clothing,1,500,210,500
308,130,Female,34,Beauty,4,300,126,1200
418,95,Female,60,Electronics,2,500,155,1000
1013,111,Male,22,Electronics,3,500,200,1500
1035,52,Female,58,Beauty,3,300,105,900
1140,154,Male,38,Electronics,1,30,15.9,30
1206,68,Male,61,Clothing,1,25,8.5,25
1261,116,Male,21,Clothing,2,25,6.25,50
1279,116,Male,50,Clothing,1,500,170,500
1308,91,Female,34,Beauty,4,300,150,1200
1418,68,Female,60,Electronics,2,500,215,1000
612,77,Female,61,Electronics,1,500,235,500
875,134,Female,51,Electronics,4,500,135,2000
1612,140,Female,61,Electronics,1,500,230,500
1875,141,Female,51,Electronics,4,500,165,2000
430,100,Female,43,Electronics,3,300,153,900
633,35,Male,39,Beauty,4,30,12.3,120
1430,22,Female,43,Electronics,3,300,132,900
1633,152,Male,39,Beauty,4,30,11.4,120
125,137,Male,48,Clothing,2,50,19,100
716,137,Female,60,Clothing,4,300,108,1200
790,29,Male,62,Clothing,1,25,9.25,25
960,134,Male,59,Clothing,2,30,14.4,60
1125,79,Male,48,Clothing,2,50,21.5,100
1716,39,Female,60,Clothing,4,300,87,1200
1790,147,Male,62,Clothing,1,25,7.5,25
1960,67,Male,59,Clothing,2,30,13.2,60
259,93,Female,45,Clothing,4,50,22.5,200
443,98,Male,29,Clothing,2,300,114,600
529,46,Female,35,Clothing,3,50,20.5,150
563,150,Male,20,Clothing,2,30,16.2,60
1259,105,Female,45,Clothing,4,50,21,200
1443,81,Male,29,Clothing,2,300,147,600
1529,105,Female,35,Clothing,3,50,17,150
1563,22,Male,20,Clothing,2,30,15.3,60
801,153,Male,21,Clothing,4,50,19,200
1801,148,Male,21,Clothing,4,50,13.5,200
160,127,Female,43,Clothing,2,50,26.5,100
508,32,Male,58,Beauty,2,300,123,600
807,91,Female,50,Electronics,4,50,15.5,200
1160,105,Female,43,Clothing,2,50,14,100
1508,90,Male,58,Beauty,2,300,81,600
1807,19,Female,50,Electronics,4,50,22,200
511,146,Male,45,Beauty,2,50,24.5,100
521,133,Female,47,Clothing,4,30,8.7,120
695,52,Female,22,Electronics,3,50,21,150
816,133,Male,47,Beauty,2,500,240,1000
1511,45,Male,45,Beauty,2,50,13.5,100
1521,30,Female,47,Clothing,4,30,12.9,120
1695,85,Female,22,Electronics,3,50,23,150
1816,52,Male,47,Beauty,2,500,245,1000
217,17,Female,35,Electronics,4,50,26.5,200
384,127,Male,55,Clothing,1,500,145,500
1217,70,Female,35,Electronics,4,50,18,200
1384,106,Male,55,Clothing,1,500,260,500
648,41,Male,53,Beauty,4,300,138,1200
926,53,Male,22,Electronics,1,30,15.6,30
1648,16,Male,53,Beauty,4,300,87,1200
1926,74,Male,22,Electronics,1,30,9.6,30
285,107,Female,31,Electronics,1,25,13.5,25
427,120,Male,25,Electronics,1,25,11.75,25
569,132,Male,52,Electronics,4,50,19,200
570,91,Male,49,Clothing,1,500,185,500
630,94,Male,42,Clothing,2,50,25.5,100
957,105,Female,60,Electronics,4,30,9.3,120
1285,130,Female,31,Electronics,1,25,12.25,25
1427,92,Male,25,Electronics,1,25,11.5,25
1569,35,Male,52,Electronics,4,50,18,200
1570,109,Male,49,Clothing,1,500,170,500
1630,95,Male,42,Clothing,2,50,16,100
1957,75,Female,60,Electronics,4,30,14.7,120
635,89,Female,63,Electronics,3,300,129,900
1635,36,Female,63,Electronics,3,300,159,900
29,31,Female,42,Electronics,1,30,13.5,30
277,139,Male,36,Clothing,4,25,12.25,100
859,46,Female,56,Electronics,3,500,190,1500
1029,117,Female,42,Electronics,1,30,12.3,30
1277,80,Male,36,Clothing,4,25,12.75,100
1859,32,Female,56,Electronics,3,500,205,1500
638,154,Male,46,Electronics,1,500,190,500
823,66,Female,56,Electronics,2,50,25,100
956,140,Male,30,Clothing,3,500,135,1500
981,5,Female,30,Electronics,2,30,12.9,60
1638,37,Male,46,Electronics,1,500,155,500
1823,58,Female,56,Electronics,2,50,26.5,100
1956,62,Male,30,Clothing,3,500,170,1500
1981,19,Female,30,Electronics,2,30,11.7,60
219,79,Female,53,Electronics,3,30,10.2,90
1219,149,Female,53,Electronics,3,30,11.1,90
73,42,Male,29,Electronics,3,30,9,90
162,118,Male,39,Clothing,2,30,9,60
306,148,Male,54,Electronics,1,50,26.5,50
725,2,Male,61,Electronics,1,300,153,300
880,63,Male,22,Beauty,2,500,175,1000
992,134,Female,57,Electronics,2,30,7.8,60
1073,82,Male,29,Electronics,3,30,15.3,90
1162,101,Male,39,Clothing,2,30,12.6,60
1306,122,Male,54,Electronics,1,50,18.5,50
1725,109,Male,61,Electronics,1,300,105,300
1880,37,Male,22,Beauty,2,500,175,1000
1992,70,Female,57,Electronics,2,30,8.7,60
597,84,Male,22,Beauty,4,300,111,1200
622,155,Female,49,Beauty,3,25,6.25,75
1597,32,Male,22,Beauty,4,300,78,1200
1622,54,Female,49,Beauty,3,25,11.75,75
116,58,Female,23,Clothing,1,30,15,30
364,98,Female,19,Beauty,1,500,200,500
368,90,Female,56,Clothing,4,300,132,1200
1116,145,Female,23,Clothing,1,30,12.3,30
1364,72,Female,19,Beauty,1,500,250,500
1368,145,Female,56,Clothing,4,300,132,1200
50,71,Female,27,Beauty,3,25,10.5,75
479,90,Male,52,Electronics,4,300,105,1200
804,99,Male,42,Electronics,1,30,10.8,30
1050,24,Female,27,Beauty,3,25,11.25,75
1479,108,Male,52,Electronics,4,300,162,1200
1804,74,Male,42,Electronics,1,30,14.7,30
92,10,Female,51,Electronics,4,30,8.7,120
282,10,Female,64,Electronics,4,50,56,200
718,154,Female,59,Beauty,3,25,25,75
1092,58,Female,51,Electronics,4,30,31.5,120
1282,23,Female,64,Electronics,4,50,48.5,200
1718,20,Female,59,Beauty,3,25,25.5,75
617,30,Male,34,Electronics,1,30,28.5,30
624,48,Female,34,Beauty,3,300,342,900
825,51,Female,46,Beauty,1,25,27.25,25
1617,77,Male,34,Electronics,1,30,35.1,30
1624,121,Female,34,Beauty,3,300,363,900
1825,105,Female,46,Beauty,1,25,27,25
568,32,Female,51,Electronics,1,300,372,300
671,2,Male,62,Electronics,3,50,61.5,150
756,4,Female,62,Electronics,4,300,333,1200
815,139,Female,51,Clothing,3,25,23.75,75
1568,51,Female,51,Electronics,1,300,336,300
1671,47,Male,62,Electronics,3,50,62.5,150
1756,119,Female,62,Electronics,4,300,297,1200
1815,6,Female,51,Clothing,3,25,30.5,75
146,74,Male,38,Clothing,4,50,49,200
263,133,Male,23,Beauty,2,30,34.8,60
704,141,Female,62,Clothing,3,30,34.8,90
1146,52,Male,38,Clothing,4,50,60,200
1263,47,Male,23,Beauty,2,30,35.4,60
1704,155,Female,62,Clothing,3,30,30.3,90
476,131,Female,27,Clothing,4,500,570,2000
733,143,Male,34,Beauty,1,30,28.5,30
924,151,Male,55,Beauty,2,50,55,100
984,83,Male,56,Clothing,1,500,480,500
1476,130,Female,27,Clothing,4,500,555,2000
1733,146,Male,34,Beauty,1,30,36.6,30
1924,107,Male,55,Beauty,2,50,54.5,100
1984,126,Male,56,Clothing,1,500,530,500
251,141,Female,57,Beauty,4,50,62.5,200
253,66,Female,53,Clothing,4,500,525,2000
574,24,Female,63,Electronics,2,25,24.75,50
751,115,Female,42,Clothing,2,25,24.75,50
871,57,Male,62,Beauty,2,30,33.9,60
1251,137,Female,57,Beauty,4,50,57.5,200
1253,108,Female,53,Clothing,4,500,605,2000
1574,150,Female,63,Electronics,2,25,24.75,50
1751,99,Female,42,Clothing,2,25,30.25,50
1871,41,Male,62,Beauty,2,30,30.6,60
200,130,Male,27,Beauty,3,50,60,150
594,72,Female,19,Electronics,2,300,291,600
637,21,Male,43,Clothing,2,300,321,600
855,13,Male,54,Beauty,1,25,25.75,25
1200,20,Male,27,Beauty,3,50,54.5,150
1594,31,Female,19,Electronics,2,300,345,600
1637,97,Male,43,Clothing,2,300,297,600
1855,44,Male,54,Beauty,1,25,31.25,25
325,6,Female,52,Electronics,2,25,31.25,50
682,60,Male,46,Beauty,4,300,354,1200
931,48,Male,30,Beauty,4,30,29.1,120
1325,18,Female,52,Electronics,2,25,26.75,50
1682,71,Male,46,Beauty,4,300,315,1200
1931,61,Male,30,Beauty,4,30,34.2,120
925,54,Male,25,Electronics,1,300,315,300
1925,81,Male,25,Electronics,1,300,366,300
297,70,Female,40,Electronics,2,500,595,1000
1297,21,Female,40,Electronics,2,500,535,1000
814,96,Female,59,Clothing,1,500,540,500
894,111,Male,52,Electronics,1,30,30.6,30
1814,43,Female,59,Clothing,1,500,620,500
1894,92,Male,52,Electronics,1,30,30,30
194,116,Male,55,Clothing,4,50,51.5,200
245,75,Male,47,Clothing,3,30,36,90
296,73,Female,22,Clothing,4,300,369,1200
644,107,Male,23,Beauty,3,25,29,75
696,24,Female,50,Clothing,4,50,48.5,200
1194,130,Male,55,Clothing,4,50,61.5,200
1245,129,Male,47,Clothing,3,30,36,90
1296,45,Female,22,Clothing,4,300,342,1200
1644,124,Male,23,Beauty,3,25,28.75,75
1696,24,Female,50,Clothing,4,50,55,200
312,18,Male,41,Clothing,4,30,28.5,120
692,110,Female,64,Clothing,2,50,49.5,100
835,49,Male,37,Clothing,4,50,60,200
1312,73,Male,41,Clothing,4,30,29.1,120
1692,103,Female,64,Clothing,2,50,59.5,100
1835,98,Male,37,Clothing,4,50,49.5,200
183,28,Female,43,Beauty,3,300,375,900
413,60,Female,44,Beauty,3,25,25.5,75
799,86,Male,56,Electronics,2,50,60,100
851,30,Male,32,Electronics,2,25,27.75,50
1183,54,Female,43,Beauty,3,300,342,900
1413,104,Female,44,Beauty,3,25,30.75,75
1799,132,Male,56,Electronics,2,50,51,100
1851,87,Male,32,Electronics,2,25,25,50
858,85,Male,23,Electronics,2,50,50.5,100
919,82,Female,22,Beauty,2,25,27.75,50
935,2,Female,34,Beauty,1,50,55.5,50
1858,49,Male,23,Electronics,2,50,52,100
1919,78,Female,22,Beauty,2,25,26.5,50
1935,96,Female,34,Beauty,1,50,47.5,50
132,86,Male,42,Electronics,4,50,62,200
1132,14,Male,42,Electronics,4,50,59,200
604,139,Female,29,Electronics,4,50,50.5,200
832,106,Male,47,Beauty,4,500,600,2000
1604,2,Female,29,Electronics,4,50,56,200
1832,57,Male,47,Beauty,4,500,480,2000
113,72,Female,41,Electronics,2,25,26.25,50
1113,141,Female,41,Electronics,2,25,27.75,50
165,75,Female,60,Clothing,4,300,318,1200
1165,29,Female,60,Clothing,4,300,291,1200
326,108,Female,18,Clothing,3,25,24.25,75
1326,66,Female,18,Clothing,3,25,28.75,75
19,30,Female,62,Clothing,2,25,28.5,50
412,30,Female,19,Electronics,4,500,570,2000
632,78,Female,26,Electronics,4,25,24.75,100
1019,56,Female,62,Clothing,2,25,25.75,50
1412,75,Female,19,Electronics,4,500,615,2000
1632,29,Female,26,Electronics,4,25,24.75,100
167,73,Female,43,Clothing,3,50,49,150
172,52,Male,32,Beauty,2,25,28,50
375,25,Male,32,Clothing,1,50,52,50
538,102,Male,18,Clothing,3,50,56.5,150
794,145,Female,60,Beauty,1,300,315,300
1167,9,Female,43,Clothing,3,50,54,150
1172,150,Male,32,Beauty,2,25,28.5,50
1375,79,Male,32,Clothing,1,50,59,50
1538,21,Male,18,Clothing,3,50,53.5,150
1794,26,Female,60,Beauty,1,300,351,300
131,44,Female,21,Beauty,2,300,375,600
330,116,Female,25,Beauty,4,50,55,200
494,140,Female,42,Beauty,4,50,58,200
1131,130,Female,21,Beauty,2,300,336,600
1330,20,Female,25,Beauty,4,50,48,200
1494,74,Female,42,Beauty,4,50,62.5,200
513,85,Male,24,Electronics,4,25,24.5,100
573,78,Male,49,Beauty,2,30,36.3,60
1513,19,Male,24,Electronics,4,25,31,100
1573,148,Male,49,Beauty,2,30,31.2,60
241,108,Female,23,Electronics,3,25,26.75,75
579,41,Female,38,Electronics,1,30,36.6,30
1241,26,Female,23,Electronics,3,25,24.5,75
1579,119,Female,38,Electronics,1,30,28.8,30
218,144,Male,64,Beauty,3,30,33.9,90
846,13,Male,42,Beauty,1,50,59.5,50
1218,30,Male,64,Beauty,3,30,34.2,90
1846,83,Male,42,Beauty,1,50,49.5,50
616,122,Male,41,Clothing,2,50,49.5,100
1616,121,Male,41,Clothing,2,50,59,100
523,110,Female,62,Electronics,1,300,375,300
643,63,Female,28,Electronics,3,30,28.8,90
1523,150,Female,62,Electronics,1,300,330,300
1643,12,Female,28,Electronics,3,30,33.3,90
351,38,Female,56,Clothing,3,30,36.6,90
809,124,Female,62,Beauty,2,50,50,100
954,87,Female,50,Electronics,3,300,321,900
1351,88,Female,56,Clothing,3,30,28.5,90
1809,51,Female,62,Beauty,2,50,61.5,100
1954,93,Female,50,Electronics,3,300,318,900
897,15,Female,64,Electronics,2,50,51.5,100
1897,137,Female,64,Electronics,2,50,62,100
147,101,Male,23,Electronics,1,300,297,300
204,101,Male,39,Beauty,1,25,31.25,25
390,88,Male,39,Electronics,2,50,51,100
1147,35,Male,23,Electronics,1,300,330,300
1204,72,Male,39,Beauty,1,25,27.5,25
1390,117,Male,39,Electronics,2,50,54,100
179,121,Male,31,Electronics,1,300,375,300
327,107,Male,57,Electronics,3,50,56,150
626,65,Female,26,Clothing,4,500,555,2000
873,137,Female,27,Electronics,4,25,29,100
1179,122,Male,31,Electronics,1,300,354,300
1327,118,Male,57,Electronics,3,50,58,150
1626,19,Female,26,Clothing,4,500,495,2000
1873,64,Female,27,Electronics,4,25,26.75,100
196,43,Female,32,Clothing,3,300,312,900
789,34,Female,61,Clothing,4,500,510,2000
1196,93,Female,32,Clothing,3,300,306,900
1789,144,Female,61,Clothing,4,500,615,2000
89,117,Female,55,Electronics,4,500,590,2000
707,117,Female,26,Clothing,1,500,580,500
909,71,Male,26,Electronics,1,300,288,300
1089,108,Female,55,Electronics,4,500,555,2000
1707,144,Female,26,Clothing,1,500,535,500
1909,17,Male,26,Electronics,1,300,339,300
51,78,Male,27,Beauty,3,25,24.75,75
154,24,Male,51,Electronics,3,300,321,900
276,40,Female,21,Beauty,4,25,27.5,100
497,127,Male,41,Clothing,4,30,37.2,120
889,39,Female,35,Electronics,1,50,57.5,50
1051,104,Male,27,Beauty,3,25,25,75
1154,29,Male,51,Electronics,3,300,291,900
1276,140,Female,21,Beauty,4,25,27,100
1497,109,Male,41,Clothing,4,30,32.4,120
1889,80,Female,35,Electronics,1,50,56,50
122,1,Male,64,Electronics,4,30,35.4,120
373,78,Female,25,Beauty,2,300,333,600
524,12,Male,46,Beauty,4,300,297,1200
688,132,Male,56,Clothing,4,25,24.75,100
813,125,Male,52,Electronics,3,50,62,150
1122,138,Male,64,Electronics,4,30,31.8,120
1373,64,Female,25,Beauty,2,300,294,600
1524,115,Male,46,Beauty,4,300,321,1200
1688,150,Male,56,Clothing,4,25,26.5,100
1813,86,Male,52,Electronics,3,50,61.5,150
178,142,Male,40,Clothing,2,30,34.2,60
208,144,Female,34,Electronics,4,50,57,200
247,82,Male,41,Electronics,2,30,31.5,60
290,86,Female,30,Beauty,2,300,342,600
656,27,Male,29,Beauty,3,30,29.4,90
735,153,Female,64,Clothing,4,500,515,2000
1178,137,Male,40,Clothing,2,30,33,60
1208,9,Female,34,Electronics,4,50,47.5,200
1247,78,Male,41,Electronics,2,30,35.7,60
1290,66,Female,30,Beauty,2,300,318,600
1656,141,Male,29,Beauty,3,30,35.4,90
1735,86,Female,64,Clothing,4,500,505,2000
319,145,Male,31,Clothing,1,500,500,500
670,59,Male,27,Beauty,1,30,35.7,30
1319,76,Male,31,Clothing,1,500,585,500
1670,58,Male,27,Beauty,1,30,34.2,30
385,127,Male,50,Electronics,3,500,525,1500
1385,55,Male,50,Electronics,3,500,505,1500
10,81,Female,52,Clothing,4,50,62.5,200
26,51,Female,28,Electronics,2,500,600,1000
437,56,Female,35,Electronics,4,300,345,1200
689,55,Male,57,Electronics,2,50,52.5,100
1010,65,Female,52,Clothing,4,50,54.5,200
1026,60,Female,28,Electronics,2,500,520,1000
1437,76,Female,35,Electronics,4,300,372,1200
1689,114,Male,57,Electronics,2,50,47.5,100
558,108,Female,41,Clothing,1,25,26,25
634,68,Male,60,Electronics,4,500,535,2000
1558,91,Female,41,Clothing,1,25,27.75,25
1634,90,Male,60,Electronics,4,500,520,2000
201,105,Male,56,Electronics,1,25,29.75,25
286,92,Male,55,Electronics,2,25,27.75,50
876,104,Male,43,Clothing,4,30,30,120
1201,115,Male,56,Electronics,1,25,27.75,25
1286,111,Male,55,Electronics,2,25,28.5,50
1876,68,Male,43,Clothing,4,30,32.1,120
55,57,Male,31,Beauty,4,30,31.8,120
428,50,Female,40,Electronics,4,50,49.5,200
441,85,Male,57,Beauty,4,300,351,1200
976,56,Female,48,Beauty,2,300,345,600
1055,97,Male,31,Beauty,4,30,37.5,120
1428,96,Female,40,Electronics,4,50,57,200
1441,63,Male,57,Beauty,4,300,354,1200
1976,108,Female,48,Beauty,2,300,360,600
149,73,Male,22,Clothing,3,25,27,75
227,87,Male,36,Electronics,2,50,50.5,100
393,85,Female,22,Beauty,2,500,595,1000
401,51,Female,62,Clothing,1,300,372,300
546,57,Female,36,Electronics,4,50,53.5,200
872,113,Female,63,Beauty,3,25,24.75,75
914,83,Female,59,Electronics,1,500,510,500
1149,98,Male,22,Clothing,3,25,29.75,75
1227,103,Male,36,Electronics,2,50,47.5,100
1393,56,Female,22,Beauty,2,500,580,1000
1401,85,Female,62,Clothing,1,300,294,300
1546,93,Female,36,Electronics,4,50,48,200
1872,57,Female,63,Beauty,3,25,26.25,75
1914,70,Female,59,Electronics,1,500,510,500
310,76,Female,28,Beauty,1,25,31,25
844,95,Male,35,Clothing,3,50,62,150
852,82,Female,41,Clothing,1,300,375,300
1310,74,Female,28,Beauty,1,25,24.75,25
1844,70,Male,35,Clothing,3,50,50.5,150
1852,109,Female,41,Clothing,1,300,333,300
97,112,Female,51,Beauty,2,500,555,1000
619,56,Male,47,Electronics,4,25,26.25,100
948,52,Female,23,Electronics,3,25,28.75,75
1097,86,Female,51,Beauty,2,500,485,1000
1619,61,Male,47,Electronics,4,25,24.25,100
1948,100,Female,23,Electronics,3,25,24.5,75
456,51,Male,57,Electronics,2,30,33.9,60
627,79,Male,57,Clothing,1,50,55.5,50
1456,85,Male,57,Electronics,2,30,37.2,60
1627,84,Male,57,Clothing,1,50,60,50
22,66,Male,18,Clothing,2,50,60.5,100
121,110,Female,28,Electronics,4,50,54.5,200
431,99,Male,63,Electronics,4,300,345,1200
1022,69,Male,18,Clothing,2,50,52.5,100
1121,95,Female,28,Electronics,4,50,50.5,200
1431,114,Male,63,Electronics,4,300,312,1200
370,61,Male,23,Electronics,2,30,34.8,60
711,103,Male,26,Electronics,3,500,575,1500
754,90,Female,43,Electronics,4,25,23.75,100
943,90,Female,57,Clothing,4,300,318,1200
1370,90,Male,23,Electronics,2,30,36,60
1711,113,Male,26,Electronics,3,500,570,1500
1754,107,Female,43,Electronics,4,25,28.5,100
1943,108,Female,57,Clothing,4,300,321,1200
350,61,Male,25,Beauty,3,25,28.5,75
786,78,Male,48,Clothing,4,25,28.5,100
1350,93,Male,25,Beauty,3,25,29.25,75
1786,69,Male,48,Clothing,4,25,28.75,100
109,94,Female,34,Electronics,4,500,560,2000
191,71,Male,64,Beauty,1,25,28.25,25
1109,114,Female,34,Electronics,4,500,590,2000
1191,88,Male,64,Beauty,1,25,25,25
340,54,Female,36,Clothing,4,300,294,1200
555,103,Male,25,Beauty,1,300,360,300
826,81,Female,46,Clothing,1,300,303,300
962,76,Male,44,Clothing,2,30,35.1,60
1340,92,Female,36,Clothing,4,300,348,1200
1555,55,Male,25,Beauty,1,300,312,300
1826,104,Female,46,Clothing,1,300,297,300
1962,65,Male,44,Clothing,2,30,32.7,60
249,109,Male,20,Clothing,1,50,53.5,50
1249,95,Male,20,Clothing,1,50,60,50
922,103,Male,41,Electronics,1,50,60.5,50
1922,72,Male,41,Electronics,1,50,48.5,50
600,64,Female,59,Beauty,2,500,525,1000
680,110,Female,53,Clothing,3,300,330,900
770,71,Male,32,Clothing,1,50,55,50
1600,67,Female,59,Beauty,2,500,575,1000
1680,72,Female,53,Clothing,3,300,324,900
1770,65,Male,32,Clothing,1,50,56,50
60,91,Male,30,Beauty,3,50,60.5,150
250,91,Male,48,Electronics,1,50,60.5,50
516,85,Male,30,Beauty,4,25,24.25,100
937,50,Female,62,Beauty,1,500,510,500
1060,71,Male,30,Beauty,3,50,57,150
1250,96,Male,48,Electronics,1,50,48.5,50
1516,54,Male,30,Beauty,4,25,24.5,100
1937,52,Female,62,Beauty,1,500,620,500
318,57,Male,61,Clothing,1,25,29.25,25
342,85,Female,43,Clothing,4,500,500,2000
564,114,Male,50,Electronics,2,50,55.5,100
767,72,Male,39,Beauty,3,25,24.5,75
1318,55,Male,61,Clothing,1,25,27,25
1342,114,Female,43,Clothing,4,500,485,2000
1564,115,Male,50,Electronics,2,50,49.5,100
1767,87,Male,39,Beauty,3,25,28.25,75
503,63,Male,45,Beauty,4,500,570,2000
869,51,Male,37,Beauty,3,500,485,1500
1503,67,Male,45,Beauty,4,500,605,2000
1869,113,Male,37,Beauty,3,500,605,1500
126,63,Female,28,Clothing,3,30,28.8,90
349,78,Female,57,Beauty,1,50,48.5,50
440,110,Male,64,Clothing,2,300,348,600
1126,62,Female,28,Clothing,3,30,28.8,90
1349,112,Female,57,Beauty,1,50,49.5,50
1440,86,Male,64,Clothing,2,300,354,600
124,83,Male,33,Clothing,4,500,515,2000
324,54,Female,52,Electronics,3,50,49,150
677,65,Female,19,Beauty,3,500,555,1500
1124,83,Male,33,Clothing,4,500,515,2000
1324,56,Female,52,Electronics,3,50,55,150
1677,84,Female,19,Beauty,3,500,490,1500
30,59,Female,39,Beauty,3,300,285,900
226,69,Female,61,Clothing,1,50,57.5,50
229,92,Male,58,Beauty,3,30,36.9,90
896,56,Female,30,Electronics,2,25,30.75,50
959,54,Female,42,Electronics,2,30,28.5,60
998,61,Female,23,Beauty,4,25,30.5,100
1030,96,Female,39,Beauty,3,300,309,900
1226,102,Female,61,Clothing,1,50,51,50
1229,62,Male,58,Beauty,3,30,34.5,90
1896,87,Female,30,Electronics,2,25,30.75,50
1959,95,Female,42,Electronics,2,30,34.2,60
1998,90,Female,23,Beauty,4,25,24,100
12,114,Male,35,Beauty,3,25,25.25,75
1012,56,Male,35,Beauty,3,25,27.25,75
710,71,Female,26,Electronics,3,500,495,1500
776,109,Male,35,Clothing,3,30,30.9,90
817,87,Male,30,Beauty,4,50,49,200
1710,104,Female,26,Electronics,3,500,610,1500
1776,111,Male,35,Clothing,3,30,32.1,90
1817,82,Male,30,Beauty,4,50,50,200
334,103,Male,31,Electronics,3,300,360,900
343,68,Male,21,Electronics,2,25,30,50
628,66,Female,19,Beauty,4,50,59.5,200
983,61,Female,29,Clothing,1,300,345,300
1334,60,Male,31,Electronics,3,300,366,900
1343,87,Male,21,Electronics,2,25,28.5,50
1628,51,Female,19,Beauty,4,50,58.5,200
1983,114,Female,29,Clothing,1,300,303,300
141,54,Female,22,Electronics,1,50,59,50
145,64,Female,39,Clothing,3,25,27.5,75
507,52,Female,37,Electronics,3,500,485,1500
841,108,Male,31,Electronics,4,25,28.5,100
898,53,Female,42,Clothing,3,30,35.1,90
951,58,Male,33,Beauty,2,50,57.5,100
1141,65,Female,22,Electronics,1,50,58,50
1145,87,Female,39,Clothing,3,25,31,75
1507,95,Female,37,Electronics,3,500,520,1500
1841,94,Male,31,Electronics,4,25,28.25,100
1898,81,Female,42,Clothing,3,30,35.1,90
1951,54,Male,33,Beauty,2,50,59.5,100
181,79,Male,19,Electronics,4,300,327,1200
1181,84,Male,19,Electronics,4,300,354,1200
784,71,Female,34,Electronics,1,500,610,500
1784,100,Female,34,Electronics,1,500,500,500
20,85,Male,22,Clothing,3,300,345,900
690,91,Female,52,Clothing,3,300,324,900
1020,86,Male,22,Clothing,3,300,300,900
1690,101,Female,52,Clothing,3,300,369,900
47,96,Female,40,Beauty,3,500,600,1500
405,79,Female,25,Clothing,4,300,324,1200
1047,84,Female,40,Beauty,3,500,490,1500
1405,91,Female,25,Clothing,4,300,342,1200
205,88,Female,43,Clothing,1,25,25.5,25
512,56,Female,57,Beauty,1,25,9.5,25
565,75,Female,45,Beauty,2,30,9,60
761,64,Female,33,Clothing,1,500,275,500
762,56,Female,24,Electronics,2,25,10.25,50
950,75,Male,36,Clothing,3,300,144,900
1205,97,Female,43,Clothing,1,25,7.25,25
1512,105,Female,57,Beauty,1,25,13.25,25
1565,74,Female,45,Beauty,2,30,11.1,60
1761,72,Female,33,Clothing,1,500,200,500
1762,81,Female,24,Electronics,2,25,11,50
1950,50,Male,36,Clothing,3,300,84,900
86,69,Male,19,Beauty,3,30,15.6,90
173,85,Male,64,Electronics,4,30,14.1,120
1086,84,Male,19,Beauty,3,30,16.5,90
1173,70,Male,64,Electronics,4,30,15,120
595,65,Female,18,Clothing,4,500,210,2000
827,96,Male,61,Beauty,3,300,165,900
965,84,Male,22,Clothing,4,50,13,200
1595,115,Female,18,Clothing,4,500,255,2000
1827,62,Male,61,Beauty,3,300,132,900
1965,93,Male,22,Clothing,4,50,21.5,200
388,60,Male,50,Electronics,1,25,12.25,25
631,92,Male,56,Electronics,3,30,16.5,90
1388,89,Male,50,Electronics,1,25,6.75,25
1631,75,Male,56,Electronics,3,30,12.3,90
554,94,Female,46,Beauty,3,50,13,150
812,89,Male,19,Electronics,3,25,11.25,75
1554,83,Female,46,Beauty,3,50,15.5,150
1812,85,Male,19,Electronics,3,25,12,75
58,53,Male,18,Clothing,4,300,75,1200
952,69,Female,57,Clothing,1,25,13.25,25
1058,100,Male,18,Clothing,4,300,153,1200
1952,114,Female,57,Clothing,1,25,13.5,25
345,104,Male,62,Electronics,1,30,13.5,30
458,110,Female,39,Electronics,4,25,7,100
582,110,Male,35,Clothing,3,300,75,900
963,76,Female,55,Beauty,1,50,13,50
1345,98,Male,62,Electronics,1,30,11.4,30
1458,95,Female,39,Electronics,4,25,9.75,100
1582,56,Male,35,Clothing,3,300,114,900
1963,115,Female,55,Beauty,1,50,20.5,50
369,111,Male,23,Electronics,3,500,215,1500
706,66,Male,51,Electronics,4,25,8,100
747,51,Male,23,Beauty,1,30,9.3,30
1369,64,Male,23,Electronics,3,500,180,1500
1706,57,Male,51,Electronics,4,25,11.75,100
1747,87,Male,23,Beauty,1,30,16.2,30
533,92,Male,19,Electronics,3,500,155,1500
1533,67,Male,19,Electronics,3,500,255,1500
169,73,Male,18,Beauty,3,500,145,1500
645,51,Female,35,Electronics,4,30,11.1,120
968,101,Female,48,Clothing,3,300,120,900
997,51,Male,52,Beauty,3,30,15,90
1169,101,Male,18,Beauty,3,500,255,1500
1645,109,Female,35,Electronics,4,30,9,120
1968,75,Female,48,Clothing,3,300,153,900
1997,99,Male,52,Beauty,3,30,10.2,90
57,64,Female,63,Beauty,1,30,10.2,30
137,66,Male,46,Beauty,2,500,125,1000
778,105,Female,47,Beauty,4,25,13.75,100
1057,114,Female,63,Beauty,1,30,15.9,30
1137,104,Male,46,Beauty,2,500,145,1000
1778,94,Female,47,Beauty,4,25,11.25,100
599,82,Female,28,Beauty,2,50,24.5,100
938,103,Male,49,Clothing,4,50,23,200
1599,110,Female,28,Beauty,2,50,20.5,100
1938,76,Male,49,Clothing,4,50,13.5,200
234,64,Female,62,Electronics,2,25,13.75,50
1234,78,Female,62,Electronics,2,25,8.25,50
410,64,Female,29,Clothing,2,50,14.5,100
417,109,Male,43,Electronics,3,300,162,900
581,103,Female,48,Beauty,2,30,13.8,60
1410,72,Female,29,Clothing,2,50,22.5,100
1417,54,Male,43,Electronics,3,300,147,900
1581,108,Female,48,Beauty,2,30,9.9,60
74,56,Female,18,Beauty,4,500,205,2000
87,104,Female,28,Beauty,2,50,15.5,100
803,60,Male,39,Clothing,4,25,6.75,100
1074,67,Female,18,Beauty,4,500,230,2000
1087,81,Female,28,Beauty,2,50,15,100
1803,101,Male,39,Clothing,4,25,8.5,100
424,101,Male,57,Beauty,4,300,147,1200
641,105,Female,40,Electronics,1,300,144,300
918,114,Female,42,Electronics,3,30,16.2,90
1424,54,Male,57,Beauty,4,300,111,1200
1641,65,Female,40,Electronics,1,300,165,300
1918,56,Female,42,Electronics,3,30,13.2,90
1,50,Male,34,Beauty,3,50,16,150
95,103,Female,32,Clothing,2,30,7.5,60
171,109,Female,52,Clothing,3,300,126,900
1001,99,Male,34,Beauty,3,50,22,150
1095,56,Female,32,Clothing,2,30,9.9,60
1171,87,Female,52,Clothing,3,300,84,900
156,60,Female,43,Clothing,4,25,7,100
493,95,Male,41,Beauty,2,25,7.75,50
1156,68,Female,43,Clothing,4,25,13.5,100
1493,58,Male,41,Beauty,2,25,6.75,50
115,67,Male,51,Clothing,3,500,255,1500
715,55,Female,42,Beauty,4,25,6.25,100
1115,99,Male,51,Clothing,3,500,180,1500
1715,89,Female,42,Beauty,4,25,9.75,100
267,84,Female,32,Beauty,3,30,12,90
362,101,Male,50,Clothing,1,25,10.25,25
856,102,Male,54,Electronics,4,30,9.3,120
1267,91,Female,32,Beauty,3,30,9.6,90
1362,104,Male,50,Clothing,1,25,11,25
1856,114,Male,54,Electronics,4,30,16.2,120
84,89,Female,38,Electronics,3,30,10.2,90
795,71,Male,57,Electronics,1,300,102,300
1084,93,Female,38,Electronics,3,30,7.8,90
1795,86,Male,57,Electronics,1,300,105,300
24,59,Female,49,Clothing,1,300,87,300
215,101,Male,58,Clothing,3,500,145,1500
739,57,Male,36,Beauty,1,25,10.25,25
1024,72,Female,49,Clothing,1,300,126,300
1215,107,Male,58,Clothing,3,500,130,1500
1739,67,Male,36,Beauty,1,25,11.25,25
289,107,Male,53,Electronics,2,30,8.1,60
741,53,Male,48,Clothing,1,300,141,300
810,76,Male,59,Electronics,4,25,13.75,100
1289,83,Male,53,Electronics,2,30,16.2,60
1741,70,Male,48,Clothing,1,300,132,300
1810,106,Male,59,Electronics,4,25,13.5,100
266,66,Female,19,Electronics,2,30,14.4,60
389,109,Male,21,Clothing,2,25,12.25,50
1266,79,Female,19,Electronics,2,30,15.6,60
1389,60,Male,21,Clothing,2,25,9.5,50
112,57,Male,37,Clothing,3,500,165,1500
566,106,Female,64,Clothing,1,30,8.4,30
608,112,Female,55,Electronics,3,500,200,1500
1112,94,Male,37,Clothing,3,500,180,1500
1566,56,Female,64,Clothing,1,30,15.6,30
1608,87,Female,55,Electronics,3,500,265,1500
348,83,Female,35,Electronics,2,300,147,600
1348,79,Female,35,Electronics,2,300,87,600
199,53,Male,45,Beauty,3,500,135,1500
258,109,Female,37,Clothing,1,50,22,50
485,101,Male,24,Electronics,1,30,11.4,30
576,113,Female,33,Beauty,3,50,20,150
1199,110,Male,45,Beauty,3,500,190,1500
1258,64,Female,37,Clothing,1,50,21.5,50
1485,66,Male,24,Electronics,1,30,15.6,30
1576,108,Female,33,Beauty,3,50,27.5,150
65,84,Male,51,Electronics,4,500,160,2000
311,61,Female,32,Beauty,4,25,9.75,100
791,106,Female,51,Beauty,1,25,11.75,25
971,64,Female,27,Electronics,4,50,26.5,200
999,110,Female,36,Electronics,3,50,21.5,150
1065,76,Male,51,Electronics,4,500,175,2000
1311,84,Female,32,Beauty,4,25,9.25,100
1791,87,Female,51,Beauty,1,25,7,25
1971,90,Female,27,Electronics,4,50,19,200
1999,61,Female,36,Electronics,3,50,13,150
395,76,Male,50,Electronics,2,500,175,1000
535,59,Male,47,Beauty,3,30,16.2,90
580,104,Female,31,Clothing,3,500,200,1500
712,108,Female,57,Beauty,2,25,11.5,50
868,110,Female,25,Electronics,1,300,111,300
1395,91,Male,50,Electronics,2,500,130,1000
1535,52,Male,47,Beauty,3,30,9.9,90
1580,105,Female,31,Clothing,3,500,250,1500
1712,92,Female,57,Beauty,2,25,8.75,50
1868,78,Female,25,Electronics,1,300,138,300
531,105,Male,31,Electronics,1,500,275,500
550,80,Male,40,Clothing,3,300,90,900
1531,56,Male,31,Electronics,1,500,250,500
1550,73,Male,40,Clothing,3,300,147,900
392,77,Male,27,Clothing,2,300,78,600
453,90,Female,26,Clothing,2,500,265,1000
540,79,Female,46,Electronics,3,300,87,900
625,68,Male,31,Clothing,1,300,123,300
1392,70,Male,27,Clothing,2,300,90,600
1453,113,Female,26,Clothing,2,500,205,1000
1540,115,Female,46,Electronics,3,300,147,900
1625,52,Male,31,Clothing,1,300,147,300
244,101,Male,28,Beauty,2,50,20.5,100
355,96,Female,55,Electronics,1,500,260,500
468,86,Male,40,Electronics,1,25,12.25,25
700,61,Male,36,Electronics,4,500,250,2000
752,79,Male,29,Clothing,2,50,13,100
828,76,Female,33,Electronics,4,300,132,1200
1244,100,Male,28,Beauty,2,50,19.5,100
1355,107,Female,55,Electronics,1,500,155,500
1468,73,Male,40,Electronics,1,25,9.75,25
1700,87,Male,36,Electronics,4,500,210,2000
1752,79,Male,29,Clothing,2,50,14.5,100
1828,99,Female,33,Electronics,4,300,165,1200
80,82,Female,64,Clothing,2,30,12.3,60
214,53,Male,20,Beauty,2,30,8.1,60
361,112,Female,34,Electronics,4,300,81,1200
526,65,Male,33,Clothing,2,50,19.5,100
1080,70,Female,64,Clothing,2,30,13.2,60
1214,50,Male,20,Beauty,2,30,11.1,60
1361,89,Female,34,Electronics,4,300,153,1200
1526,84,Male,33,Clothing,2,50,26.5,100
265,80,Male,55,Clothing,3,300,132,900
586,84,Male,50,Electronics,1,50,21.5,50
1265,86,Male,55,Clothing,3,300,111,900
1586,59,Male,50,Electronics,1,50,14,50
336,67,Female,52,Beauty,3,50,25,150
571,87,Female,41,Electronics,1,50,16,50
1336,74,Female,52,Beauty,3,50,21.5,150
1571,105,Female,41,Electronics,1,50,25,50
9,85,Male,63,Electronics,2,300,78,600
552,85,Female,49,Electronics,3,25,9.75,75
771,70,Male,24,Electronics,2,25,11.75,50
1009,88,Male,63,Electronics,2,300,78,600
1552,55,Female,49,Electronics,3,25,13,75
1771,108,Male,24,Electronics,2,25,10.75,50
496,91,Male,23,Clothing,2,300,141,600
701,93,Female,52,Beauty,2,30,14.1,60
1496,110,Male,23,Clothing,2,300,120,600
1701,62,Female,52,Beauty,2,30,15.9,60
139,113,Male,36,Beauty,4,500,230,2000
151,108,Male,29,Clothing,1,50,18,50
1139,87,Male,36,Beauty,4,500,230,2000
1151,99,Male,29,Clothing,1,50,26,50
83,56,Male,54,Electronics,2,50,16.5,100
153,62,Male,63,Electronics,2,500,195,1000
451,74,Female,45,Electronics,1,30,13.5,30
1083,99,Male,54,Electronics,2,50,17.5,100
1153,91,Male,63,Electronics,2,500,265,1000
1451,94,Female,45,Electronics,1,30,13.2,30
99,71,Female,50,Electronics,4,300,132,1200
783,91,Female,56,Clothing,1,300,150,300
1099,56,Female,50,Electronics,4,300,162,1200
1783,52,Female,56,Clothing,1,300,135,300
409,55,Female,21,Electronics,3,300,87,900
525,98,Female,47,Beauty,2,25,7,50
939,75,Female,46,Electronics,1,300,81,300
994,73,Female,51,Beauty,2,500,125,1000
1409,102,Female,21,Electronics,3,300,138,900
1525,106,Female,47,Beauty,2,25,12,50
1939,74,Female,46,Electronics,1,300,135,300
1994,86,Female,51,Beauty,2,500,250,1000
96,62,Female,44,Clothing,2,300,84,600
609,59,Female,47,Clothing,2,50,13,100
982,50,Female,46,Beauty,3,30,15.6,90
1096,82,Female,44,Clothing,2,300,138,600
1609,81,Female,47,Clothing,2,50,22.5,100
1982,110,Female,46,Beauty,3,30,16.5,90
209,61,Female,30,Electronics,4,50,14,200
435,113,Female,30,Beauty,3,300,108,900
777,54,Male,48,Electronics,3,50,17,150
854,84,Male,29,Clothing,1,50,22,50
890,76,Male,34,Electronics,2,25,13.5,50
1209,55,Female,30,Electronics,4,50,23,200
1435,61,Female,30,Beauty,3,300,114,900
1777,74,Male,48,Electronics,3,50,19.5,150
1854,109,Male,29,Clothing,1,50,22.5,50
1890,51,Male,34,Electronics,2,25,6.25,50
865,78,Female,42,Clothing,1,300,108,300
1865,107,Female,42,Clothing,1,300,156,300
662,100,Male,48,Beauty,2,500,145,1000
1662,106,Male,48,Beauty,2,500,240,1000
309,78,Female,26,Beauty,1,25,9,25
544,95,Female,27,Electronics,1,25,10.25,25
602,75,Female,20,Electronics,1,300,96,300
615,58,Female,61,Clothing,4,25,10.5,100
678,70,Female,60,Electronics,3,300,144,900
781,106,Male,35,Beauty,1,500,225,500
1309,93,Female,26,Beauty,1,25,9.5,25
1544,70,Female,27,Electronics,1,25,11.25,25
1602,86,Female,20,Electronics,1,300,126,300
1615,82,Female,61,Clothing,4,25,13.5,100
1678,99,Female,60,Electronics,3,300,102,900
1781,55,Male,35,Beauty,1,500,225,500
34,87,Female,51,Clothing,3,50,17,150
916,68,Female,32,Electronics,1,50,26,50
1034,52,Female,51,Clothing,3,50,24.5,150
1916,102,Female,32,Electronics,1,50,16.5,50
757,82,Female,43,Electronics,4,300,105,1200
1757,50,Female,43,Electronics,4,300,132,1200
25,61,Female,64,Beauty,1,50,19,50
82,85,Female,32,Beauty,4,50,15,200
472,95,Female,38,Beauty,3,300,162,900
842,71,Female,47,Clothing,2,300,105,600
879,50,Male,23,Clothing,1,30,15.3,30
991,110,Female,34,Clothing,2,50,19.5,100
1025,103,Female,64,Beauty,1,50,16.5,50
1082,111,Female,32,Beauty,4,50,27.5,200
1472,74,Female,38,Beauty,3,300,150,900
1842,84,Female,47,Clothing,2,300,75,600
1879,66,Male,23,Clothing,1,30,16.2,30
1991,96,Female,34,Clothing,2,50,14.5,100
62,50,Male,18,Beauty,2,50,26.5,100
386,77,Female,54,Electronics,2,300,153,600
1062,69,Male,18,Beauty,2,50,21.5,100
1386,110,Female,54,Electronics,2,300,81,600
429,80,Male,64,Electronics,2,25,6.75,50
664,109,Female,44,Clothing,4,500,170,2000
989,97,Female,44,Electronics,1,25,8.25,25
1429,102,Male,64,Electronics,2,25,12,50
1664,99,Female,44,Clothing,4,500,245,2000
1989,109,Female,44,Electronics,1,25,13.25,25
233,81,Female,51,Beauty,2,300,132,600
520,79,Female,49,Electronics,4,25,13,100
805,59,Female,30,Beauty,3,500,155,1500
908,64,Male,46,Beauty,4,300,81,1200
1233,79,Female,51,Beauty,2,300,117,600
1520,88,Female,49,Electronics,4,25,10.5,100
1805,79,Female,30,Beauty,3,500,225,1500
1908,93,Male,46,Beauty,4,300,87,1200
857,62,Male,60,Electronics,2,25,12,50
1857,109,Male,60,Electronics,2,25,7.5,50
211,54,Male,42,Beauty,3,500,235,1500
650,98,Male,55,Electronics,1,30,15,30
1211,82,Male,42,Beauty,3,500,235,1500
1650,89,Male,55,Electronics,1,30,10.8,30
